Price,Description,Location,posted_at,Type,Nombre_de_piece,Nombre_de_salle_bain,Superficie
350000,Location appartements 04pièces - Mariste,"Mariste, Dakar, Sénégal",10 minutes,Appartements,4,2,110 
350000,Location appartement 3pièces -Cté africa,"Ouakam, Dakar, Sénégal",10 minutes,Appartements,3,2,140 m2
1200000,Location villa 6pièces -Mermoz ,"Mermoz-Sacré Coeur, Dakar, Sénégal",10 minutes,Villas,6,450 m2,6
550000,Location villas 3 pièces - mamelles,"Mamelles, Dakar, Sénégal",10 minutes,Villas,3,2,250 m2
55000000,Vente villa meublée 5 pièces - Saly,"Saly, Sénégal",15 minutes,Villas,325 ,325 ,
45000000,Vente villa 4 pièces - Malikounda,"Malikounda, Sénégal",20 minutes,Villas,4,300 ,4
Prixsurdemande,Terrains 200 m² - Niaga,"Niaga, Sénégal",20 minutes,Terrains,200 ,200 ,
225000000,Vente immeubles -Grand yoff,"Grand Yoff, Dakar, Sénégal",20 minutes,Immeubles,190 ,190 ,
550000,Location appartement -Sacre-coeur 03 VDN,"Sacré-Coeur, Dakar, Sénégal",25 minutes,Appartements,3,3,140 m2
175000,Location mini-studio -Sicap karack,"Sicap Liberté, Dakar, Sénégal",25 minutes,Appartements,1,1,65 m2
1500000,Location appartement avec piscine  au mamelle,"Mamelles, Dakar, Sénégal",26 minutes,Appartements,4,4,150 m2
1200000,Location villa 6pièces -Mermoz ,"Mermoz-Sacré Coeur, Dakar, Sénégal",26 minutes,Villas,6,450 m2,6
375000,Location appartements 04pièces - Mariste,"Mariste, Dakar, Sénégal",31 minutes,Appartements,4,2,140 
550000,Location appartement  à sacre-coeur VDN,"Sacré-Coeur, Dakar, Sénégal",31 minutes,Appartements,4,3,140 m2
250000000,Vente bureaux & commerces   - saly,"Saly, Sénégal",38 minutes,Bureaux & Commerces,126 ,126 ,
Prixsurdemande,Terrains 337 m²  - Thies,"Thies, Sénégal",38 minutes,Terrains,337 ,337 ,
175000,Location  studio  à la cité  biagui,"Yoff, Dakar, Sénégal",40 minutes,Appartements,2,68 m2,2
500000,Location villa 5 pièces - Sicap Liberté 5,"Sicap Liberté, Dakar, Sénégal",51 minutes,Villas,5,1,200 
175000,Location appartements 01pièce - Sicap karack,"Sicap Liberté, Dakar, Sénégal",1 heure,Appartements,1,1,65 
260000,Location appartements 03pièces -Sicap foire,"Sicap foire, Dakar, Sénégal",1 heure,Appartements,3,3,3
250000000,Vente immeuble -Médina,"Medina, Dakar, Sénégal",1 heure,Immeubles,160 m2,160 m2,
1200000,Location appartement meublé - Mermoz,"Mermoz-Sacré Coeur, Dakar, Sénégal",1 heure,Appartements meublés,4,130 m2,4
625000,Location appartements 4pièces onomo - Yoff,"Yoff, Dakar, Sénégal",1 heure,Appartements,4,4,150 
225000,Location appartements 03pièces - Sicap liberté_-,"Sicap Liberté, Dakar, Sénégal",1 heure,Appartements,3,2,98 
2250000,Location appartements 5 pièces - Almadies,"Almadies, Dakar, Sénégal",1 heure,Appartements,5,5,310 
500000,Location studio meublé -  corniche de Ouakam,"Ouakam, Dakar, Sénégal",1 heure,Appartements meublés,1,1,65 m2
800000,Location villa 5pièces - Cite mourtala,"Sipres, Dakar, Sénégal",1 heure,Villas,5,4,200 
180000,Location studio 2pièces -Liberté6,"Yoff, Dakar, Sénégal",2 heures,Appartements,2,2,125 
1450000,Location appartement 4pièces - Centre ville,"Dakar Plateau, Dakar, Sénégal",2 heures,Appartements,4,3,4
200000,Location mini studio - Dakar Plateau,"Medina, Dakar, Sénégal",2 heures,Appartements,1,1,30 m2
2500000,Location appartement 5pièces -Almadies,"Almadies, Dakar, Sénégal",2 heures,Appartements,5,4,410 m2
4000000,Location villa 8pièces -Mermoz,"Mermoz-Sacré Coeur, Dakar, Sénégal",2 heures,Villas,6,5,700 m2
135000000,Terrains 234m2 angle - hangar pèlerin  yoff,"Yoff, Dakar, Sénégal",2 heures,Terrains,234 ,234 ,
1200000,Location appartement meublé 4pièces -Mermoz,"Mermoz-Sacré Coeur, Dakar, Sénégal",3 heures,Appartements meublés,4,4,150 m2
900000,Location appartements meublés 3pièces -Dakar,"Dakar, Sénégal",3 heures,Appartements meublés,3,2,3
125000,Location magasin - Dakar Plateau,"Medina, Dakar, Sénégal",3 heures,Bureaux & Commerces,1,1,16 m2
3000000,Terrain 300 m² - Malikounda,"Malikounda, Sénégal",3 heures,Terrains,300 ,300 ,
1100000,Location villa 11 pièces - Mariste,"Mariste, Dakar, Sénégal",3 heures,Villas,11,5,120 
450000,Location appartements 3 pièces - Mamelles,"Mamelles, Dakar, Sénégal",3 heures,Appartements,3,2,100 
750000,Location appartement pour bureau -Fann-Mermoz,"Fann, Dakar, Sénégal",3 heures,Bureaux & Commerces,5,5,300 m2
65000000,Villa à vendre Zac Mbao,Villas,"Mbao, Dakar, Sénégal","Mbao, Dakar, Sénégal",,,
50000000,Vente fermes  - Thiès,"Thies, Sénégal",3 heures,Fermes & Vergers,10000 ,10000 ,
110000000,Terrain 176 m² - Yoff Hangar Pelerin ,"Yoff, Dakar, Sénégal",3 heures,Terrains,,,
78000000,Vente immeuble R+2- Petit Mbao,Immeubles,"Mbao, Dakar, Sénégal","Mbao, Dakar, Sénégal",,,
90000000,Vente appartement 3pièces -Ouakam corniche,Appartements,"Ouakam, Dakar, Sénégal","Ouakam, Dakar, Sénégal",3,3,150 m2
1200000,"Terrain de 1 500 m² à Almadies, côté King Fahd Palace",Terrains,"Almadies, Dakar, Sénégal","Almadies, Dakar, Sénégal",1500 m2,1500 m2,
80000000,Vente villa 7 pièces - Almadies 2,Villas,"Almadies 2, Dakar, Sénégal","Almadies 2, Dakar, Sénégal",,,
175000,Location mini-studio -Sicap karack,"Sicap Liberté, Dakar, Sénégal",3 heures,Appartements,1,1,45 m2
850000,Location villa 7pièces -Cite biagui,"Yoff, Dakar, Sénégal",4 heures,Villas,7,4,230 
100000,Location chambre sdb indépendante  - Yoff ocean,"Yoff, Dakar, Sénégal",4 heures,Chambres,1,1,43 
750000,Location appartement 4 pièces - avenue Blaise diagne,Appartements,"Medina, Dakar, Sénégal","Medina, Dakar, Sénégal",4,3,4
350000,Location appartements 3 pièces - Nord foire,"Yoff, Dakar, Sénégal",4 heures,Appartements,3,1,90 
300000,Location appartements 3 pièces - Nord foire,"Yoff, Dakar, Sénégal",4 heures,Appartements,3,1,90 
160000,Location mini studio - École Amadou  Hampâté Bah,"Fass, Dakar, Sénégal",4 heures,Appartements,1,1,50 m2
400000,Location appartements 4pièces - Cite biagui,"Yoff, Dakar, Sénégal",4 heures,Appartements,4,3,134 
100000,Location chambre - Dakar Plateau,"Medina, Dakar, Sénégal",4 heures,Chambres,1,1,20 m2
100000,Location chambre - Gueule Tapée,"Gueule Tapée, Dakar, Sénégal",4 heures,Chambres,,,
700000,Location appartements 4 pièces - mermoz-sacré coeur,"Mermoz-Sacré Coeur, Dakar, Sénégal",4 heures,Appartements,4,4,4
350000,Location appartements 2 pièces - sipres VDN,"Sipres, Dakar, Sénégal",4 heures,Appartements,2,1,90 
1000000,Location appartements F5 et F3 Sipres  VDN,"Sipres, Dakar, Sénégal",4 heures,Appartements,5,4,150 
1500000,Location appartement duplex  5pièces - Mamelles,"Mamelles, Dakar, Sénégal",4 heures,Appartements,5,4,350 
200000,Location appartement 3pièces-VDN ,"Sacré-Coeur, Dakar, Sénégal",4 heures,Appartements,3,2,90 m2
250000,Location studio 2 pièces - Gueule Tapée,"Gueule Tapée, Dakar, Sénégal",4 heures,Appartements,2,1,120 m2
600000,Location appartements 4 pièces - Sacré-coeur,"Sacré-Coeur, Dakar, Sénégal",4 heures,Appartements,4,1,100 
300000,Location appartements 4 pièces - Damel,"Damel, Dakar, Sénégal",4 heures,Appartements,4,2,100 
700000,Location appartements 4 pièces - Mariste,"Mariste, Dakar, Sénégal",4 heures,Appartements,4,2,130 
250000,Location studios et appartements à Ouakam,"Ouakam, Dakar, Sénégal",4 heures,Appartements,4,2,110 
250000,Location magasin à Médina,"Dakar, Sénégal",4 heures,Bureaux & Commerces,1,1,1
600000,Location appartements 4 pièces - Mamelles,"Mamelles, Dakar, Sénégal",4 heures,Appartements,4,3,110 
500000,location appartements 3 pièces - mamelles,"Mamelles, Dakar, Sénégal",4 heures,Appartements,3,3,
200000,Location studio - Point E,"HLM, Dakar, Sénégal",5 heures,Appartements,2,2,100 m2
375000,location appartements 4 pièces - mamelles,"Mamelles, Dakar, Sénégal",5 heures,Appartements,4,2,4
275000,Location appartement 3 pièces  à Rebeuss ,"Dakar, Sénégal",5 heures,Appartements,3,2,3
360000,Location appartements 3 pièces - Mamelles,"Mamelles, Dakar, Sénégal",5 heures,Appartements,3,1,90 
1800000000,Vente immeubles R+8 - Almadies,"Almadies, Dakar, Sénégal",5 heures,Immeubles,276 ,276 ,
600000,location appartements 4 pièces - mamelles,"Mamelles, Dakar, Sénégal",5 heures,Appartements,4,3,110 
700000,Location appartements 4 pièces - almadies,"Almadies, Dakar, Sénégal",5 heures,Appartements,4,3,110 
300000000,Terrains 351m²  - Yoff,"Yoff, Dakar, Sénégal",5 heures,Terrains,351 ,351 ,
2000000,Location bureaux  - avenue bourguiba,"Biscuiterie, Dakar, Sénégal",5 heures,Bureaux & Commerces,7,7,
1400000,Location villa duplex 4pièces  -Almadies,"Almadies, Dakar, Sénégal",5 heures,Appartements,3,3,3
3500000,Location appartement en duplex -Fann Mermoz avec vue sur mer,"Fann, Dakar, Sénégal",5 heures,Appartements,5,3,5
750000,Location appartement 6pièces -pour bureau -Fann-mermoz,"Fann, Dakar, Sénégal",5 heures,Bureaux & Commerces,5,5,230 m2
350000,Location appartements 3 pièces - Mamelles ,"Mamelles, Dakar, Sénégal",5 heures,Appartements,3,2,100 
675000,Location villa 4 pièces - Saly,"Thies, Sénégal",5 heures,Villas,3,3,600 m2
600000,location appartements 4 pièces - mamelles,"Mamelles, Dakar, Sénégal",5 heures,Appartements,4,3,110 
700000,Location appartements 4 pièces - almadies,"Almadies, Dakar, Sénégal",5 heures,Appartements,4,3,110 
300000000,Terrains 351m²  - Yoff,"Yoff, Dakar, Sénégal",5 heures,Terrains,351 ,351 ,
2000000,Location bureaux  - avenue bourguiba,"Biscuiterie, Dakar, Sénégal",5 heures,Bureaux & Commerces,7,7,
1400000,Location villa duplex 4pièces  -Almadies,"Almadies, Dakar, Sénégal",5 heures,Appartements,3,3,3
3500000,Location appartement en duplex -Fann Mermoz avec vue sur mer,"Fann, Dakar, Sénégal",5 heures,Appartements,5,3,5
750000,Location appartement 6pièces -pour bureau -Fann-mermoz,"Fann, Dakar, Sénégal",5 heures,Bureaux & Commerces,5,5,230 m2
350000,Location appartements 3 pièces - Mamelles ,"Mamelles, Dakar, Sénégal",5 heures,Appartements,3,2,100 
675000,Location villa 4 pièces - Saly,"Thies, Sénégal",5 heures,Villas,3,3,600 m2
850000,Location appartements 4 pièces - Liberté 6 Extension ,"Sicap Liberté, Dakar, Sénégal",5 heures,Appartements,8,2,172 
13500000,Vente villa 5 pièces - Louga,"Louga, Sénégal",5 heures,Villas,5,4,300 
4000000,Location villa 8pièces - Mermoz,"Mermoz-Sacré Coeur, Dakar, Sénégal",5 heures,Villas,9,6,800 m2
850000,Location appartement 4pièces - Mamelles,"Mamelles, Dakar, Sénégal",5 heures,Appartements,4,3,4
300000,location appartements 4 pièces - diamalaye 1,"Diamalaye 1, Dakar, Sénégal",5 heures,Appartements,4,3,12 
400000,Location appartements 4 pièces - Ouakam,"Ouakam, Dakar, Sénégal",6 heures,Appartements,4,2,100 
900000,Location appartement  F4 au 4e étage  - Point E,"Point E, Dakar, Sénégal",6 heures,Appartements,4,4,147 
85000000,Vente appartement 4 pièces - Sicap Liberté 6,Appartements,"Sicap Liberté, Dakar, Sénégal","Sicap Liberté, Dakar, Sénégal",4,4,
500000,Location appartements 2 pièces - Mermoz-sacré coeur,"Mermoz-Sacré Coeur, Dakar, Sénégal",6 heures,Appartements,2,1,100 
650000,Location appartements 4 pièces - Mermoz,"Mermoz-Sacré Coeur, Dakar, Sénégal",6 heures,Appartements,4,1,100 
1000000,Location villa 6 pièces - Diamniadio SD City,"Diamniadio, Sénégal",6 heures,Villas,6,5,6
700000,Location appartements 4 pièces - Mermoz,"Mermoz-Sacré Coeur, Dakar, Sénégal",6 heures,Appartements,4,3,100 
1200000,Location appartement F5 à Mermoz pyrotechnie,"Mermoz-Sacré Coeur, Dakar, Sénégal",6 heures,Appartements,5,4,5
700000,Location appartement  04 chambres  à Mermoz ,"Mermoz-Sacré Coeur, Dakar, Sénégal",6 heures,Appartements,5,210 m2,5
40000,Location appartement 2 pièces meublé à  Liberté 6 ext,"Sicap Liberté, Dakar, Sénégal",6 heures,Appartements meublés,2,1,100 
300000,Location appartement F3 à Fass,"Fass, Dakar, Sénégal",6 heures,Appartements,3,3,3
750000,Location appartement F4 aux almadies /zone de recasement,"Almadies, Dakar, Sénégal",6 heures,Appartements,4,3,4
800000000,"Vente villa R+1 à Almadies, Dakar‎",Villas,"Almadies, Dakar, Sénégal","Almadies, Dakar, Sénégal",5,5,700 m2
1200000,Location appartement  meublé à Mermoz ,"Mermoz-Sacré Coeur, Dakar, Sénégal",7 heures,Appartements meublés,4,160 m2,4
160000,Location studio 2 pièces - Foire,"Sicap foire, Dakar, Sénégal",7 heures,Appartements,2,1,120 
40000000,Vente appartement - Mariste,"Mariste, Dakar, Sénégal",7 heures,Appartements,,,
800000,Location villa 6 pièces - Nord Foire ,"Yoff, Dakar, Sénégal",7 heures,Villas,5,5,160 m2
32599500,Terrain  à Mboro,Terrains agricoles,"Mboro, Sénégal","Mboro, Sénégal",50000 m2,50000 m2,
1200000,Location  appartement  meublé à Mermoz ,"Mermoz-Sacré Coeur, Dakar, Sénégal",7 heures,Appartements meublés,4,160 m2,4
1200000,Location appartement  meublé à Mermoz ,"Mermoz-Sacré Coeur, Dakar, Sénégal",7 heures,Appartements meublés,4,160 m2,4
32000000,Vente villa 4 pièces - Almadies ,"Parcelle Assainies, Dakar, Sénégal",7 heures,Villas,3,3,105 m2
400000,Location appartements 2 pièces - Sicap liberté 3,"Sicap Liberté, Dakar, Sénégal",7 heures,Appartements,2,1,90 
1700000,Location appartements 4 pièces - Ouakam,"Ouakam, Dakar, Sénégal",7 heures,Appartements,4,4,13 
175000,Location  mini studio à Sicap karack ,"Sicap Liberté, Dakar, Sénégal",7 heures,Appartements,1,68 m2,1
375000,Location appartements 3 pièces - Ngor,"Ngor, Dakar, Sénégal",7 heures,Appartements,3,1,100 
295000,Location appartements 3 pièces - Ngor,"Ngor, Dakar, Sénégal",7 heures,Appartements,3,1,100 
195000,Location appartements 2 pièces - Ngor almadie,"Ngor, Dakar, Sénégal",7 heures,Appartements,2,1,80 
200000,Location studio 2 pièces - Nord foire,"Yoff, Dakar, Sénégal",7 heures,Appartements,2,1,120 
200000,Location  appartement à Sacre-coeur VDN,"Almadies, Dakar, Sénégal",7 heures,Appartements,3,80 m2,3
800000,Location appartement 6 pièces à Fann-Mermoz,"Fann, Dakar, Sénégal",8 heures,Bureaux & Commerces,7,5,300 m2
700000,Location appartements 4 pièces - Point E,"Point E, Dakar, Sénégal",8 heures,Appartements,4,3,100 
750000,Location appartements 4 pièces - mermoz-sacré coeur,"Mermoz-Sacré Coeur, Dakar, Sénégal",8 heures,Appartements,4,3,110 
Prixsurdemande,Vente villa angle Almadies dernier casino ,Villas,"Almadies, Dakar, Sénégal","Almadies, Dakar, Sénégal",5,5,1241 m2
275000,Location  appartement 2chs à Mamelle ,"Mamelles, Dakar, Sénégal",8 heures,Appartements,3,2,105 m2
1399500000,Vente Villa 1000m² Ngor Almadies ,Villas,"Almadies, Dakar, Sénégal","Almadies, Dakar, Sénégal",4,3,1000 m2
47000000,Vente villa R+1 à Mbambilor ,Villas,"Dakar, Sénégal","Dakar, Sénégal",4,1,300 m2
1300000,Location appartement F4 au 5e étage  - Almadies,"Almadies, Dakar, Sénégal",8 heures,Appartements,4,4,145 
2832000,Location bureaux & commerces 354  - Sacré-coeur,"Sacré-Coeur, Dakar, Sénégal",8 heures,Bureaux & Commerces,6,354 ,6
2250000,Location villa 6 pièces - Fann résidence,"Fann, Dakar, Sénégal",8 heures,Villas,6,6,
2300000,Location villa 5 pièces - Fann résidence,"Fann, Dakar, Sénégal",8 heures,Villas,5,5,
550000,Location appartements F4  - Virage,"Yoff, Dakar, Sénégal",8 heures,Appartements,4,3,136 
30000,Location appartement meublé 3 pièces - Stade Amitié,"Dakar, Sénégal",8 heures,Appartements meublés,3,1,56 m2
1500000000,Vente Villa d’Exception en Bord de Mer à Yoff / Virage‎,Villas,"Yoff, Dakar, Sénégal","Yoff, Dakar, Sénégal",6,6,900 m2
Prixsurdemande,Vente villa  R+2 de 1174m2 - Alemadies-Dakar,Villas,"Almadies, Dakar, Sénégal","Almadies, Dakar, Sénégal",,,
30000000,Vente villa - Croissement Saly,"Mbour, Sénégal",9 heures,Villas,4,4,303 m2
4000000,Terrain 150 m² - Bayakh ,"Dakar, Sénégal",9 heures,Terrains,150 m2,150 m2,
950000000,Vente  villa aux Mamelles Dakar,Villas,"Mamelles, Dakar, Sénégal","Mamelles, Dakar, Sénégal",7,10,411 m2
15000000,Parcelles 150 m² et 200 m²    à Rufisque – Dakar,Terrains,"Dakar, Sénégal","Dakar, Sénégal",,,
260000,Location appartements 3 pièces - Mamelles,"Mamelles, Dakar, Sénégal",9 heures,Appartements,3,2,130 
1000000,Location villa 6 pièces - Diamniadio sd,"Almadies 2, Dakar, Sénégal",9 heures,Villas,6,6,
85000000,Vente appartement F4 à Ngor,"Mariste, Dakar, Sénégal",9 heures,Appartements,3,3,180 m2
500000,Location appartements 5 pièces - cite Biagui,"Yoff, Dakar, Sénégal",9 heures,Appartements,5,3,135 
1599500,Vente villa 2397m2 Fanny résidence ,Villas,"Fann, Dakar, Sénégal","Fann, Dakar, Sénégal",6,5,2397 m2
325000,Location appartements 3 pièces - cité Biagui,"Yoff, Dakar, Sénégal",9 heures,Appartements,3,3,130 
850000,Location villa 6 pièces - cite Biagui,"Yoff, Dakar, Sénégal",9 heures,Villas,6,5,200 
600000,Location appartement 3 pièces - Sipres VDN,"Sipres, Dakar, Sénégal",9 heures,Appartements,3,3,
450000,Location appartement 3 pièces - Sipres VDN,"Sipres, Dakar, Sénégal",9 heures,Appartements,3,3,
250000,Location studio 2 pièces - cite magistrat près aéroport LSS,"Yoff, Dakar, Sénégal",9 heures,Appartements,2,2,127 
300000,Location appartements 3 pièces - cite Biagui,"Yoff, Dakar, Sénégal",9 heures,Appartements,3,2,130 
550000,Location appartement 4 pièces - cité Mourtada VDN,"Sipres, Dakar, Sénégal",9 heures,Appartements,4,4,
250000,Location studio 2 pièces - cite Biagui,"Yoff, Dakar, Sénégal",9 heures,Appartements,2,1,126 
300000,Location appartements 3 pièces - Yoff,"Yoff, Dakar, Sénégal",9 heures,Appartements,3,2,3
Prixsurdemande,Vente villa 5 pièces - Sipres Grand Mbao,"Rufisque, Sénégal",10 heures,Villas,5,6,170 
900000,Location maisons de vacances 5 pièces - Mermoz,"Mermoz-Sacré Coeur, Dakar, Sénégal",10 heures,Maisons de vacances,5,5,5
650000,Location appartement 4 pièces - cité Mourtada VDN,"Sipres, Dakar, Sénégal",10 heures,Appartements,4,4,
1700000,Location appartements 220m2 aux Almadies,"Almadies, Dakar, Sénégal",10 heures,Appartements,5,5,220 m2
265000000,Location appartement  220m2 aux Almadies,"Almadies, Dakar, Sénégal",10 heures,Appartements,5,5,220 m2
170000000,Vente villas 4 pièces - Sicap liberté 2,"Sicap Liberté, Dakar, Sénégal",10 heures,Villas,4,4,4
1400000,Location appartements 4 pièces - Mamelles,"Mamelles, Dakar, Sénégal",10 heures,Appartements,4,3,400 
1800000,Location villa 4 pièces - Mermoz,"Mermoz-Sacré Coeur, Dakar, Sénégal",10 heures,Villas,4,2,500 
Prixsurdemande,Terrain agricole - Bambey,"Bambey, Sénégal",10 heures,Terrains agricoles,,,
4000000,Terrain - Diass AIBD ,"Ouakam, Dakar, Sénégal",10 heures,Terrains,300 m2,300 m2,
600000,Location appartement 2 pièces au 8e étage  - Almadies,"Almadies, Dakar, Sénégal",10 heures,Appartements,2,2,120 
650000,Location studio à l’américaine – résidence Amani,Appartements meublés,"Sipres, Dakar, Sénégal","Sipres, Dakar, Sénégal",1,1,60 
550000,Location villa  au Mamelle,"Mamelles, Dakar, Sénégal",10 heures,Villas,3,2,260 m2
250000000,Vente immeubles - Medina,"Medina, Dakar, Sénégal",11 heures,Immeubles,160 ,160 ,
700000,Location appartement  5 pièces - fann mermoz,"Fann, Dakar, Sénégal",11 heures,Appartements,6,6,
1000000,Location villa r+1 - sicap karack,"Mermoz-Sacré Coeur, Dakar, Sénégal",11 heures,Villas,9,9,
300000000,Vente villas 06 pièces - Yoff virage,"Yoff, Dakar, Sénégal",11 heures,Villas,6,4,300 
550000,Location appartement à  Sacre-coeur 03  VDN,"Sacré-Coeur, Dakar, Sénégal",11 heures,Appartements,3,2,120 m2
6000000,"Location villa aux Almadies, proximité du king Fahd ","Almadies, Dakar, Sénégal",11 heures,Villas,9,7,750 m2
260000,Location appartements 03 pièces - Sicap foire,"Sicap foire, Dakar, Sénégal",11 heures,Appartements,3,3,120 
350000,Location magasin à Derklé,"Dieuppeul-Derklé, Dakar, Sénégal",11 heures,Bureaux & Commerces,1,1,74 m2
18000000,Terrain 150 m² - Almadies 2,"Almadies 2, Dakar, Sénégal",11 heures,Terrains,150 ,150 ,
350000,Location  magasin à Derklé ,"Dieuppeul-Derklé, Dakar, Sénégal",11 heures,Bureaux & Commerces,1,1,80 m2
260000,Location appartements 02 pièces - Sicap foire,"Sicap foire, Dakar, Sénégal",11 heures,Appartements,2,2,110 
200000000,Vente immeubles - Grand Yoff Scat_urbam,"Grand Yoff, Dakar, Sénégal",11 heures,Immeubles,300 ,300 ,
250000,Location villas 4 pièces - dakar,"Dakar, Sénégal",11 heures,Villas,4,2,4
700000,Location appartements 5 pièces - mermoz-sacré coeur,"Mermoz-Sacré Coeur, Dakar, Sénégal",11 heures,Appartements,5,4,5
80000,Location appartements 2 pièces - ouakam,"Ouakam, Dakar, Sénégal",11 heures,Appartements,2,1,2
1700000,Location appartements 5 pièces - Almadies,"Almadies, Dakar, Sénégal",11 heures,Appartements,5,5,220 
175000,Location appartements 01 pièces - Sicap Karack,"Sicap Liberté, Dakar, Sénégal",11 heures,Appartements,1,1,45 
1700000,Location appartement à Mermoz,"Mermoz-Sacré Coeur, Dakar, Sénégal",11 heures,Appartements,4,4,171 m2
75000000,Vente villas 4 pièces - almadies,"Almadies, Dakar, Sénégal",11 heures,Villas,4,2,4
260000,Location appartements 3 pièces - Sicap  Foire,"Sicap foire, Dakar, Sénégal",11 heures,Appartements,3,3,110 
550000,Location  villa 2 chambres  avec  jardin aux Mamelles,"Mamelles, Dakar, Sénégal",11 heures,Villas,3,2,290 m2
800000,Location appartements 5 pièces - mamelles,"Mamelles, Dakar, Sénégal",11 heures,Appartements,5,4,5
75000,Location chambres 1 pièces - Grand yoff,"Grand Yoff, Dakar, Sénégal",11 heures,Chambres,1,1,1 
165760,Location appartement 2 pièces - HLM,"HLM, Dakar, Sénégal",12 heures,Appartements,2,2,1 
38000000,Terrain 150m²  - Mbao,"Mbao, Dakar, Sénégal",12 heures,Terrains,150 ,150 ,
550000,Location villa avec jardin au Mamelle,"Mamelles, Dakar, Sénégal",12 heures,Villas,3,2,250 m2
60000,Location chambre 1 pièce - Sicap liberté,"Sicap Liberté, Dakar, Sénégal",12 heures,Chambres,1,1,12 
550000,Location 3 chambres salon-  Mamelles,"Mamelles, Dakar, Sénégal",12 heures,Appartements,4,4,150 m2
1200000,Location villa 4 chambres à Mermoz,"Mermoz-Sacré Coeur, Dakar, Sénégal",12 heures,Villas,6,5,450 m2
900000,Location magasin  - Yoff Apecsy,Bureaux & Commerces,"Yoff, Dakar, Sénégal","Yoff, Dakar, Sénégal",,,
225000000,Vente immeubles - Grand yoff,"Grand Yoff, Dakar, Sénégal",12 heures,Immeubles,190 ,190 ,
260000,Location appartements 03 pièces - Sicap foire,"Sicap foire, Dakar, Sénégal",12 heures,Appartements,3,3,97 
175000,Location appartements 01 pièces - Sicap Karack,"Sicap Liberté, Dakar, Sénégal",12 heures,Appartements,1,1,45 
800000,Location appartements 4 pièces - Mermoz-sacré coeur,"Mermoz-Sacré Coeur, Dakar, Sénégal",12 heures,Appartements,4,4,12 
175000,Location mini-studio àla Sicap karack,"Sicap Liberté, Dakar, Sénégal",12 heures,Appartements,1,1,45 m2
650000,Location appartement 4 pièces - corniche de Ouakam,Appartements,"Ouakam, Dakar, Sénégal","Ouakam, Dakar, Sénégal",4,4,
800000,Location appartement 3 pièces - Cité Keur Gorgui,"Dakar, Sénégal",12 heures,Appartements,3,3,200 
350000,Location appartement 4 pièces - Ouakam,Appartements,"Ouakam, Dakar, Sénégal","Ouakam, Dakar, Sénégal",4,4,
1200000,Location appartements 4 pièces - Fann Mermoz,"Fann, Dakar, Sénégal",13 heures,Appartements,4,4,4
Prixsurdemande,Location villas 6 pièces - Yoff,"Yoff, Dakar, Sénégal",13 heures,Villas,6,6,12 
1000000,Location villa cité Keur Gorgui,Villas,"Mermoz-Sacré Coeur, Dakar, Sénégal","Mermoz-Sacré Coeur, Dakar, Sénégal",6,4,6
200000,Location appartements 2 pièces - Sicap liberté,"Sicap Liberté, Dakar, Sénégal",13 heures,Appartements,2,1,12 
2700000,Location bureaux & commerces - Almadies axe principal,"Almadies, Dakar, Sénégal",13 heures,Bureaux & Commerces,8,7,500 
86900000, terrain  167 m² Ouest foiré/VDN,"Ouest Foire, Dakar, Sénégal",13 heures,Terrains,167 m2,167 m2,
700000,Location bureaux  à Dakar Plateau ,"Dakar Plateau, Dakar, Sénégal",14 heures,Bureaux & Commerces,5,2,5
400000,Location appartement F4 à usage professionnel à louer à la cité CPI VDN ,"Dakar, Sénégal",14 heures,Bureaux & Commerces,4,2,4
180000,Location mini studio haut standing  à Fass,"Dakar Plateau, Dakar, Sénégal",14 heures,Appartements,1,1,1
1300000,Location grand showroom à Dakar plateau ,"Dakar Plateau, Dakar, Sénégal",14 heures,Bureaux & Commerces,1,1,93 m2
260000000,Vente villas 6 pièces - Yoff ocean,"Yoff, Dakar, Sénégal",14 heures,Villas,6,4,325 
170000,Location appartement  F3 à Keur Massar,"Keur Massar, Sénégal",14 heures,Appartements,3,2,3
1500000,Location appartements meublé 3 pièces - Fann hock,"Fann, Dakar, Sénégal",14 heures,Appartements meublés,3,3,120 
550000000,Vente villa 9 pièces 369m² angle à Mermoz-sacré coeur,"Mermoz-Sacré Coeur, Dakar, Sénégal",14 heures,Villas,9,8,369 
425000,Location villa F4  à Camberène 1 ,"Cambérène, Dakar, Sénégal",14 heures,Appartements,4,3,4
375000000,Vente villa 7 pièces 285m² - Mermoz-sacré coeur,"Mermoz-Sacré Coeur, Dakar, Sénégal",14 heures,Villas,7,6,285 
1300000,Location villa duplex 5 pièces à Ngor,"Ngor, Dakar, Sénégal",14 heures,Appartements,5,4,300 m2
450000,Location villa piscine à Nguerigne,"Ouest Foire, Dakar, Sénégal",14 heures,Villas,4,3,600 m2
284000000,Vente villa 6 pièces. - Yoff virage,"Ouest Foire, Dakar, Sénégal",15 heures,Villas,7,5,300 m2
500000,Location appartements 3 pièces - Ngor,"Ouest Foire, Dakar, Sénégal",15 heures,Appartements,3,2,120 m2
900000,Location villas 6 pièces - Mermoz-sacré coeur,"Mermoz-Sacré Coeur, Dakar, Sénégal",15 heures,Villas,6,5,12 
75000000,Terrain   - Ouest foire VDN ,"Ouest Foire, Dakar, Sénégal",15 heures,Terrains,150 m2,150 m2,
1700000,Location appartements 5 pièces - Ouakam,"Ouakam, Dakar, Sénégal",15 heures,Appartements,5,4,12 
500000,Location appartement 4 pièces - Mamelles,"Mamelles, Dakar, Sénégal",15 heures,Appartements,4,3,170 m2
300000,Location appartement 3 pièces à la cité biagui yoff virage,"Yoff, Dakar, Sénégal",15 heures,Appartements,3,2,3
600000,Location bureaux & commerces  - Sacré-Coeur,"Sacré-Coeur, Dakar, Sénégal",15 heures,Bureaux & Commerces,3,2,3
725000,Location appartement f4 (250m2) à ngor almadies,"Ngor, Dakar, Sénégal",19 heures,Appartements,4,4,250 
3500000,Location bureaux & commerces 800  - almadies,"Almadies, Dakar, Sénégal",20 heures,Bureaux & Commerces,11,8,800 
90000000,Vente appartement à ouakam,"Ouakam, Dakar, Sénégal",20 heures,Appartements,3,3,150 m2
500000,Location appartement 3 pièces à la cité cheikh amar,"Mamelles, Dakar, Sénégal",20 heures,Appartements,3,3,140 
2500000,Location appartement meublé à pieds dans au virage,"Yoff, Dakar, Sénégal",21 heures,Appartements meublés,4,4,230 m2
400000,Location appartements 4 pièces - cité Biagui,"Yoff, Dakar, Sénégal",21 heures,Appartements,4,3,133 
250000000,Vente  immeuble angle à la Médina,"Medina, Dakar, Sénégal",21 heures,Immeubles,150 m2,150 m2,
1000000,Location show-room à Liberté 05,"Sicap Liberté, Dakar, Sénégal",21 heures,Bureaux & Commerces,1,1,140 m2
2000000,Location Appartements 6 pièces - Point E,"Point E, Dakar, Sénégal",21 heures,Appartements,6,6,310 
56000000,Terrain 300m²-  Zac Mbao ,"Dakar, Sénégal",21 heures,Terrains,300 m2,300 m2,
4000000,Location villa  à Mermoz,"Mermoz-Sacré Coeur, Dakar, Sénégal",21 heures,Villas,9,7,780 m2
90000000,Vente appartement à Ouakam corniche,"Ouakam, Dakar, Sénégal",21 heures,Appartements,3,3,150 m2
500000,Location studio meublé  à ouakam corniche ,"Ouakam, Dakar, Sénégal",21 heures,Appartements meublés,2,1,56 m2
250000000,Vente immeuble angle  à la Médina,"Medina, Dakar, Sénégal",21 heures,Immeubles,150 m2,150 m2,
400000,Location appartement à Fann-Amitié,"Fann, Dakar, Sénégal",21 heures,Appartements,4,3,140 m2
250000000,Vente immeuble angle  à la Médina,"Medina, Dakar, Sénégal",21 heures,Immeubles,150 m2,150 m2,
400000,Location appartement à Fann-Amitié,"Fann, Dakar, Sénégal",21 heures,Appartements,4,3,140 m2
350000,Location magasin à Mermoz ,"Mermoz-Sacré Coeur, Dakar, Sénégal",21 heures,Bureaux & Commerces,1,1,45 m2
4000000,Location villa pour bureaux  à Mermoz,"Mermoz-Sacré Coeur, Dakar, Sénégal",21 heures,Bureaux & Commerces,9,7,780 m2
35000,Location appartement meublé 2 pièces - Yoff,"Yoff, Dakar, Sénégal",22 heures,Appartements meublés,2,2,2
550000,Location villa avec jardin au Mamelle,"Mamelles, Dakar, Sénégal",22 heures,Villas,3,2,280 m2
30000,Location studio meublé  à yoff-omono,"Yoff, Dakar, Sénégal",22 heures,Appartements meublés,2,1,67 m2
1200000,Terrain pieds dans l'eau  au virage,"Yoff, Dakar, Sénégal",22 heures,Terrains,897 m2,897 m2,
2500000,Location appartement meublé pieds dans l'eau  au Virage,"Yoff, Dakar, Sénégal",22 heures,Appartements meublés,4,5,218 m2
400000,Location appartement  à Fann-mermoz,"Fann, Dakar, Sénégal",22 heures,Appartements,4,3,140 m2
600000,Location appartement meublé 4 pièces au ouakam,"Ouakam, Dakar, Sénégal",22 heures,Appartements meublés,4,2,140 m2
4000000,Location villa avec jardin  à fenêtre Mermoz,"Mermoz-Sacré Coeur, Dakar, Sénégal",22 heures,Villas,9,7,800 m2
30000,Location appartement meublé 2 pièces - Sacré-Coeur,"Sacré-Coeur, Dakar, Sénégal",22 heures,Appartements meublés,2,1,2
21012,Terrain  pieds dans l'eau  au virage yoof,"Yoff, Dakar, Sénégal",22 heures,Terrains,968 m2,968 m2,
1200000,Location appartement meublé à Mermoz,"Mermoz-Sacré Coeur, Dakar, Sénégal",22 heures,Appartements meublés,4,4,180 m2
225000,Location  studio-  Mamelles,"Mamelles, Dakar, Sénégal",22 heures,Appartements,2,2,2
30000,Location studio meublé à yoof-omono,"Yoff, Dakar, Sénégal",22 heures,Appartements meublés,2,1,75 m2
1000000000,Terrain pieds dans l'eau -Virage,"Yoff, Dakar, Sénégal",22 heures,Terrains,980 m2,980 m2,
550000,Location appartement 4pièces -Sacre-coeur VDN,"Sacré-Coeur, Dakar, Sénégal",22 heures,Appartements,4,2,140 m2
22000,Location appartement meublé 1 pièces - Mermoz-Sacré coeur,"Mermoz-Sacré Coeur, Dakar, Sénégal",22 heures,Appartements meublés,1,1,1
25000,Location appartement meublé 2 pièces - Sacré-Coeur,"Sacré-Coeur, Dakar, Sénégal",22 heures,Appartements meublés,2,1,2
350000,Location appartement aux almadies,"Almadies, Dakar, Sénégal",22 heures,Appartements,2,2,65 m2
550000,Location villa 02 chambres au Mamelle,"Mamelles, Dakar, Sénégal",22 heures,Villas,3,2,250 m2
2600000,Location appartements 5 pièces - Mamelles,"Mamelles, Dakar, Sénégal",22 heures,Appartements,5,5,300 
1800000,Location appartement  meublé-Ouakam,"Ouakam, Dakar, Sénégal",22 heures,Appartements meublés,4,150 m2,4
1800000,Location appartement meublé -Ouakam,"Ouakam, Dakar, Sénégal",22 heures,Appartements meublés,4,4,140 m2
Prixsurdemande,Terrain pieds dans l'eau 897 m² au virage,"Yoff, Dakar, Sénégal",22 heures,Terrains,900 m2,900 m2,
1200000,Vente villas 06 pièces - point e,"Point E, Dakar, Sénégal",22 heures,Villas,6,6,742 
350000,Location appartement 3 pièces - Mamelles,"Mamelles, Dakar, Sénégal",22 heures,Appartements,3,2,45 
3500000,Location bureaux et commerces 800m2  - Almadies,"Almadies, Dakar, Sénégal",22 heures,Bureaux & Commerces,11,7,800 
1700000,Location appartement 4pièces avec piscine salle gym - Mermoz,"Mermoz-Sacré Coeur, Dakar, Sénégal",22 heures,Appartements,4,4,171 m2
1200000,Location appartement meublé 4 pièces à Mermoz,"Mermoz-Sacré Coeur, Dakar, Sénégal",22 heures,Appartements meublés,4,4,160 m2
650000000,Terrains 500m2 triple façade corniche - Mamelle,"Mamelles, Dakar, Sénégal",22 heures,Terrains,500 ,500 ,
350000,Location plateau de bureau sur la route de l'ancien aéroport de yoof-omono,"Yoff, Dakar, Sénégal",22 heures,Bureaux & Commerces,1,1,1
260000,Location appartements 03 pièces - sicap foire,"Sicap foire, Dakar, Sénégal",22 heures,Appartements,3,3,110 
2500000,Location appartements 5 pièces  aux almadies,"Almadies, Dakar, Sénégal",22 heures,Appartements,5,4,450 m2
1000000,Location show-room -Liberté 05,"Sicap Liberté, Dakar, Sénégal",22 heures,Bureaux & Commerces,1,1,110 m2
2500000,Terrains à proximité de l'aéroport aibd,"Diamniadio, Sénégal",22 heures,Terrains,180 m2,180 m2,
350000,Location studio -Almadies,"Almadies, Dakar, Sénégal",22 heures,Appartements,2,2,2
30000,Location studio meublé -Yoof-omono,"Yoff, Dakar, Sénégal",22 heures,Appartements meublés,2,1,65 m2
750000,Location appartement pour bureaux à fann-mermoz,"Fann, Dakar, Sénégal",23 heures,Bureaux & Commerces,5,5,450 m2
550000,Location villa 3 pièces au mamelle,"Mamelles, Dakar, Sénégal",23 heures,Villas,,,
1700000,Location appartement 4pièces -Mermoz,Appartements,"Mermoz-Sacré Coeur, Dakar, Sénégal","Mermoz-Sacré Coeur, Dakar, Sénégal",4,4,171 m2
260,Location appartements 03pièces -Sicap foire,"Sicap foire, Dakar, Sénégal",23 heures,Appartements,3,3,140 
350000,Location magasin à Derklé,"Dieuppeul-Derklé, Dakar, Sénégal",23 heures,Bureaux & Commerces,1,1,65 m2
1000000,Location show-room -Liberté 05,"Sicap Liberté, Dakar, Sénégal",23 heures,Bureaux & Commerces,1,1,110 m2
4000000,Location villa 8 pièces avec jardin à louer à Mermoz,"Mermoz-Sacré Coeur, Dakar, Sénégal",23 heures,Villas,9,7,800 m2
175000,Location studio -Fass,"Fass, Dakar, Sénégal",23 heures,Appartements,2,1,80 m2
45000000,Vente appartements meublés 3 pièces - Patte d'Oie,"Patte d'oie, Dakar, Sénégal",23 heures,Appartements meublés,3,1,200 
2000000,Location villa duplex F5  standing au Almadie vue sur mer,"Rufisque, Sénégal",23 heures,Appartements,5,4,300 m2
125000000,Vente villa 9pièces -Petit mbao en 2ém position de la plage,"Mbao, Dakar, Sénégal",23 heures,Villas,8,6,380 m2
90000000,Vente appartement -Ouakam ,Appartements,"Ouakam, Dakar, Sénégal","Ouakam, Dakar, Sénégal",3,3,150 m2
800000,Location appartement à fann-mermoz,"Fann, Dakar, Sénégal",23 heures,Appartements,5,4,250 m2
700000,Location appartement 5 pièces à Mermoz ,"Dakar, Sénégal",23 heures,Appartements,4,4,200 m2
600000,Location villa 4 pièces - Dakar  liberté 6 cité sonatel 3,"Dakar, Sénégal",23 heures,Villas,3,2,200 m2
350000,Location studio -Almadies,"Almadies, Dakar, Sénégal",23 heures,Appartements,2,2,75 m2
400000,Location 2 appartements 3 pièces aux mamelles,"Mamelles, Dakar, Sénégal",23 heures,Appartements,4,2,135 m2
700000,Location appartement 4 pièces - cité keur Gorgui ,"Dakar, Sénégal",23 heures,Appartements,3,3,100 m2
330000000,Vente fermes & vergers 65000 m² - Thies,"Thies, Sénégal",23 heures,Fermes & Vergers,65000 ,65000 ,
1700000,Location appartement 4 pièces à Mermoz,"Mermoz-Sacré Coeur, Dakar, Sénégal",23 heures,Appartements,4,4,171 m2
1700000,Location appartement -Mermoz ,"Mermoz-Sacré Coeur, Dakar, Sénégal",23 heures,Appartements,4,4,171 m2
460000000,Vente villa 9 pièces - mamelles cité touba renaissance,"Mamelles, Dakar, Sénégal",23 heures,Villas,9,8,200 
235000000,Terrains 253m2 - Sacré-coeur,"Sacré-Coeur, Dakar, Sénégal",23 heures,Terrains,253 ,253 ,
350000,Location magasin-Derklé,"Dieuppeul-Derklé, Dakar, Sénégal",23 heures,Bureaux & Commerces,1,1,80 m2
350000,Location studio  aux ALMADIES,"Almadies, Dakar, Sénégal",23 heures,Appartements,2,2,74 m2
2500000,Location appartement pieds dans l'eau meublé -Virage,"Yoff, Dakar, Sénégal",1 jour,Appartements meublés,4,5,230 m2
800000,Location show-room à louer sur la route des Almadies,Bureaux & Commerces,"Mamelles, Dakar, Sénégal","Mamelles, Dakar, Sénégal",1,2,95 m2
350000,Location magasin - dieupheul Derklé,"Dieuppeul-Derklé, Dakar, Sénégal",1 jour,Bureaux & Commerces,1,1,98 m2
750000,Une villa R+1 à louer aux maristes cité Elisabeth ,"Mariste, Dakar, Sénégal",1 jour,Villas,7,4,150 m2
350000,Location studio  à sacre-coeur 03 VDN,"Sacré-Coeur, Dakar, Sénégal",1 jour,Appartements,2,1,65 m2
Prixsurdemande,Location appartements 03pièces - Sicap foire,"Sicap foire, Dakar, Sénégal",1 jour,Appartements,3,3,110 
400000,Location appartement -Fann-Mermoz,"Fann, Dakar, Sénégal",1 jour,Appartements,4,3,140 m2
225000,Location appartements 02pièces - Ouest foire,"Ouest Foire, Dakar, Sénégal",1 jour,Appartements,2,2,80 
90000000,Vente appartement 3pièces -Ouakam à corniche,"Ouakam, Dakar, Sénégal",1 jour,Appartements,3,3,150 m2
117000000,Vente villa 11 pièces - Grand Yoff,"Grand Yoff, Dakar, Sénégal",1 jour,Villas,11,7,200 
350000000,Vente villa 8pièces -Liberté 6,"Sicap Liberté, Dakar, Sénégal",1 jour,Villas,8,5,297 m2
1700000,Location appartements 5pièces -Ouakam,"Ouakam, Dakar, Sénégal",1 jour,Appartements,5,5,13 
683000000,Vente villa 6 pièces - Yoff,"Yoff, Dakar, Sénégal",1 jour,Villas,11,5,500 m2
900000,Location villa 6pièces - Mermoz-sacré coeur,"Mermoz-Sacré Coeur, Dakar, Sénégal",1 jour,Villas,6,5,12 
Prixsurdemande,Location villa 6pièces - Saly,"Saly, Sénégal",1 jour,Villas,6,6,12 
330000,Location appartement 3 pièces - Dakar Plateau,"Medina, Dakar, Sénégal",1 jour,Appartements,3,3,100 m2
500000,Location appartement 4 pièces - Dakar Plateau,"Medina, Dakar, Sénégal",1 jour,Appartements,3,3,150 m2
600000,Location appartement 4pièces - Dakar plateau,"Dakar Plateau, Dakar, Sénégal",1 jour,Appartements,4,3,4
200000,Location Studio -  médina,"Medina, Dakar, Sénégal",1 jour,Appartements,2,1,2
45000000,Vente Villa 3 pièces - Rufisque,"Rufisque, Sénégal",1 jour,Villas,3,3,150 
85000000,Vente villa 8 pièces - Saly Carrefour,"Saly, Sénégal",1 jour,Villas,8,4,250 
110000,Location chambres - Sicap Liberté,"Sicap Liberté, Dakar, Sénégal",1 jour,Chambres,1,1,13 
90000,Location chambres - Sicap Liberté,"Sicap Liberté, Dakar, Sénégal",1 jour,Chambres,1,1,13 
650000,Location appartements 4pièces -Mermoz,"Mermoz-Sacré Coeur, Dakar, Sénégal",1 jour,Appartements,4,3,130 
550000,Location appartements 4pièces -Mamelles,"Mamelles, Dakar, Sénégal",1 jour,Appartements,4,3,110 
500000,Location appartements 2pièces -Ouakam extension,"Ouakam, Dakar, Sénégal",1 jour,Appartements,2,1,90 
400000,Location appartements 3 pièces - point e,"Point E, Dakar, Sénégal",1 jour,Appartements,3,3,12 
900000,Location villa duplex 4pièces -Mermoz,"Mermoz-Sacré Coeur, Dakar, Sénégal",1 jour,Appartements,4,2,150 
1400000,Location appartement 3pièces -Ouakam,"Ouakam, Dakar, Sénégal",1 jour,Appartements,6,4,6
350000,Location dépôt - Medina,"Dakar, Sénégal",1 jour,Bureaux & Commerces,1,1,70 m2
550000,Location appartements 4 pièces -résidence Ataya,"Damel, Dakar, Sénégal",1 jour,Appartements,4,3,180 
450000,Location appartements 2 pièces - Mamelles,"Mamelles, Dakar, Sénégal",1 jour,Appartements,2,1,100 
400000,Location appartement F4 à la cité Biagui Yoff virage ,Appartements,"Yoff, Dakar, Sénégal","Yoff, Dakar, Sénégal",4,2,4
135000000,Vente appartements 8 pièces - Mamelles,"Mamelles, Dakar, Sénégal",1 jour,Appartements,8,150 ,8
500000,Location appartements 4pièces - Mamelles,"Mamelles, Dakar, Sénégal",1 jour,Appartements,4,1,4
350000,Location chambre 1 pièces - Almadies,"Almadies, Dakar, Sénégal",1 jour,Chambres,1,1,1
420000000,Location appartement à Au point E,"Mariste, Dakar, Sénégal",1 jour,Appartements,7,7,460 m2
375000,Location appartements 4 pièces - Ouakam,"Ouakam, Dakar, Sénégal",1 jour,Appartements,4,1,4
550000,Appartement  f4 à louer Mamelles,"Mamelles, Dakar, Sénégal",1 jour,Appartements,,,
850000,Appartement f4 à louer  Point E,"Point E, Dakar, Sénégal",1 jour,Appartements,,,
1000000,Location villa R+1 à Mermoz pyrotechnique ,"Dakar, Sénégal",1 jour,Villas,6,5,200 m2
425000,Location appartement 2 chambres salon  Dakar Ouest foire ,"Dakar, Sénégal",1 jour,Appartements,3,2,150 m2
70000000,Terrain 150m² - Dakar Yoff Hangar Pèlerin,"Dakar, Sénégal",1 jour,Terrains,150 m2,150 m2,
800000,Appartement f4  à louer Almadies ,"Almadies, Dakar, Sénégal",1 jour,Appartements,,,
350000,Appartement  f4à louer Ouest Foire ,"Ouest Foire, Dakar, Sénégal",1 jour,Appartements,,,
850000,Villa à louer f5 Virage,"Yoff, Dakar, Sénégal",1 jour,Villas,,,
350000000,Vente villa R+2 200m² grand standing 5 chambres 2 salons  Foire cité magistrat,"Dakar, Sénégal",1 jour,Villas,5,3,200 m2
400000000,Vente villa 8 chambres salon  Dakar Cité Sipres,"Dakar, Sénégal",1 jour,Villas,8,327 m2,8
300000,Appartement f3 à louer Ouest foire ,"Ouest Foire, Dakar, Sénégal",1 jour,Appartements,,,
250000,Appartement à louer f4 Maristes,"Mariste, Dakar, Sénégal",1 jour,Appartements,,,
125000,Location studio - Guédiawaye Gadaye,"Guediawaye, Dakar, Sénégal",1 jour,Appartements,2,1,150 
375000,Location appartements 3 pièces - Mermoz-sacré coeur,"Mermoz-Sacré Coeur, Dakar, Sénégal",1 jour,Appartements,3,2,3
350000,Location appartements 2 pièces - Mamelles,"Mamelles, Dakar, Sénégal",1 jour,Appartements,2,2,2
500000,Location appartements 4 pièces - Mamelles,"Mamelles, Dakar, Sénégal",1 jour,Appartements,4,4,
300000,Location appartements 3 pièces - Ngor,"Ngor, Dakar, Sénégal",1 jour,Appartements,3,2,3
500000,Location appartements 4 pièces - Mamelles,"Mamelles, Dakar, Sénégal",1 jour,Appartements,4,3,4
300000,Location appartement - Ngor Almadies,"Almadies, Dakar, Sénégal",1 jour,Appartements,3,2,160 m2
800000,Terrains 500m²  - Almadies,"Almadies, Dakar, Sénégal",1 jour,Terrains,500 ,500 ,
1500000000,Vente villa 5 chambres salon  aux Almadies,"Dakar, Sénégal",1 jour,Villas,5,5,1000 m2
300000000,Vente villa R+3 Dakar Yoff Onomo,"Dakar, Sénégal",1 jour,Villas,6,6,200 m2
170000,Location appartements 2 pièces - Ouakam,"Ouakam, Dakar, Sénégal",1 jour,Appartements,2,1,2
300000,Location appartements 3 pièces - Ouakam,"Ouakam, Dakar, Sénégal",1 jour,Appartements,3,3,
700000,Location appartements 5 pièces - Mamelles,"Mamelles, Dakar, Sénégal",1 jour,Appartements,5,4,5
900000,Location villas 6 pièces - Mermoz-sacré coeur,"Mermoz-Sacré Coeur, Dakar, Sénégal",1 jour,Villas,6,5,12 
300000,Location appartements 3 pièces - Mamelles,"Mamelles, Dakar, Sénégal",1 jour,Appartements,3,3,
1500000,Location appartements 4 pièces - Mamelles,"Mamelles, Dakar, Sénégal",1 jour,Appartements,4,4,
500000,Location appartements 3 pièces - Mamelles,"Mamelles, Dakar, Sénégal",1 jour,Appartements,3,3,3
280000,Location 2 studios   - CPI/VDN,"Sipres, Dakar, Sénégal",1 jour,Appartements,2,1,70 m2
700000,Location grand plateau bureau  à Dakar plateau ,"Dakar Plateau, Dakar, Sénégal",1 jour,Bureaux & Commerces,5,2,5
400000,Location appartement 4pièces - Cité Biagui Yoff virage ,"Yoff, Dakar, Sénégal",1 jour,Appartements,4,2,4
300000,Location appartement 3pièces -Cité Biagui Yoff virage ,"Yoff, Dakar, Sénégal",1 jour,Appartements,3,2,3
300000,Location appartement 3pièces -Fass ,"Fass, Dakar, Sénégal",1 jour,Appartements,3,3,3
180000,Location mini studio - Fass ,"Fass, Dakar, Sénégal",1 jour,Appartements,1,1,1
275000,Location studio séparé -Fass ,"Fass, Dakar, Sénégal",1 jour,Appartements,2,1,2
425000,Location villa 4pièces -Camberène 1 ,"Cambérène, Dakar, Sénégal",1 jour,Villas,4,3,4
2500000,Terrain 150 m² - Thiès,"Dakar, Sénégal",1 jour,Terrains,,,
50000000,Vente villa 3 chambres  cité Tacko Rufisque,"Rufisque, Sénégal",1 jour,Villas,4,2,150 m2
1500000,Location appartements 4 pièces - Mermoz,"Mermoz-Sacré Coeur, Dakar, Sénégal",1 jour,Appartements,4,2,4
1300000,Location appartements 4 pièces - Point E,"Point E, Dakar, Sénégal",1 jour,Appartements,4,4,4
2500000,Location appartement 5pièces -Almadies,"Almadies, Dakar, Sénégal",1 jour,Appartements,5,4,430 m2
1000000,Location villa 4 pièces - Mamelles,"Mamelles, Dakar, Sénégal",1 jour,Villas,4,4,1000 
1000000,Location immeubles R+3 - Mamelles,Immeubles,"Mamelles, Dakar, Sénégal","Mamelles, Dakar, Sénégal",,,
1600000,Location villa 4 pièces - Ngor,"Ngor, Dakar, Sénégal",1 jour,Villas,4,3,300 
2500000,Location villa 15 pièces - Sicap Foire,"Sicap foire, Dakar, Sénégal",1 jour,Villas,15,7,500 
2800000,Location villa 5 pièces - Ngor,"Ngor, Dakar, Sénégal",1 jour,Villas,5,5,1000 
6000000,Location villa 6 pièces - Fann Résidence,"Fann, Dakar, Sénégal",1 jour,Villas,6,1400 ,6
3000000,Location villa 6 pièces - Fenetre Mermoz,"Mermoz-Sacré Coeur, Dakar, Sénégal",1 jour,Villas,6,600 ,6
3500000,Location villa 9 pièces - Fenetre Mermoz,"Mermoz-Sacré Coeur, Dakar, Sénégal",1 jour,Villas,9,7,780 
5500000,Location villa 8 pièces - Fann Résidence,"Fann, Dakar, Sénégal",1 jour,Villas,8,4,2000 
3500000,Location villa 5 pièces - Fann Résidence,"Fann, Dakar, Sénégal",1 jour,Villas,5,5,500 
4000000,location villa 5 pièces - Fenetre Mermoz,"Mermoz-Sacré Coeur, Dakar, Sénégal",1 jour,Villas,10,5,10
2000000,Location villa 5 pièces - Almadies,"Almadies, Dakar, Sénégal",1 jour,Villas,5,5,1000 
2100000,Location villa 5 pièces - Almadies,"Almadies, Dakar, Sénégal",1 jour,Villas,5,5,5
1100000,Location villa 3 pièces - Aalmadies,"Almadies, Dakar, Sénégal",1 jour,Villas,3,2,3
2200000,Location villa 8 pièces - Mermoz,"Mermoz-Sacré Coeur, Dakar, Sénégal",1 jour,Villas,8,8,
1500000,Location villa 10 pièces commercial - Liberte 6,Villas,"Sicap Liberté, Dakar, Sénégal","Sicap Liberté, Dakar, Sénégal",10,10,
800000,Location villa 7 pièces - Mermoz Pirotechnie,"Mermoz-Sacré Coeur, Dakar, Sénégal",1 jour,Villas,6,4,6
2500000,Location bureaux et commerces 350  - Dakar plateau,"Dakar Plateau, Dakar, Sénégal",1 jour,Bureaux & Commerces,5,5,350 
1000000,Location villa 5 pièces - Mermoz Cité Batrain,"Almadies, Dakar, Sénégal",2 jours,Villas,5,5,5
1500000,Location appartement avec piscine -Mamelle ,"Mamelles, Dakar, Sénégal",2 jours,Appartements,4,4,150 m2
350000,Location appartement meublé -Almadies ,"Almadies, Dakar, Sénégal",2 jours,Appartements meublés,2,2,60 m2
900000,Location appartements 3 pièces - Almadies,"Almadies, Dakar, Sénégal",2 jours,Appartements,3,4,190 
650000,Location appartements 3 pièces - Mamelles ,"Mamelles, Dakar, Sénégal",2 jours,Appartements,3,4,200 
2500000,Location villa 4pièces -Almadie,"Almadies, Dakar, Sénégal",2 jours,Villas,8,6,500 m2
38000000,Vente villa basse 4pièces -Sangalkam,"Rufisque, Sénégal",2 jours,Villas,4,150 m2,4
45000,Location appartement 2 pièces à Liberté 6 extension,"Sicap Liberté, Dakar, Sénégal",2 jours,Appartements meublés,2,1,100 
400000,Location appartement 3pièces -Fass coté UCAD,Appartements,"Fass, Dakar, Sénégal","Fass, Dakar, Sénégal",3,3,3
380000,Location appartement 3pièces -Fass coté Ucad,Appartements,"Fass, Dakar, Sénégal","Fass, Dakar, Sénégal",3,2,3
170000,Location appartement 3pièces - Keur Massar ,"Keur Massar, Sénégal",2 jours,Appartements,3,2,3
400000,Location appartement 4pièces -Cité CPI VDN ,"Dakar, Sénégal",2 jours,Bureaux & Commerces,4,2,4
1300000,Location showroom -Dakar plateau ,"Dakar Plateau, Dakar, Sénégal",2 jours,Bureaux & Commerces,1,1,93 m2
600000,Location studio meublé  - Ngor Almadies,"Almadies, Dakar, Sénégal",2 jours,Appartements meublés,2,2,168 m2
325000,Location appartement 3 pièces - Almadies zone de recasement,"Dakar, Sénégal",2 jours,Appartements,2,2,100 m2
500000,Location appartement 4 pièces - Almadies zone ,"Dakar, Sénégal",2 jours,Appartements,3,3,150 m2
80000000,Terrain 150 m² - Yoff Hanger ,"Yoff, Dakar, Sénégal",2 jours,Terrains,150 m2,150 m2,
700000,location appartements 4 pièces - almadies,"Almadies, Dakar, Sénégal",2 jours,Appartements,4,3,150 
700000,Location appartement 4 pièces - Dakar Allemadies ,"Dakar, Sénégal",2 jours,Appartements,3,3,150 m2
310800,Location appartements 3pièces - Sicap foire,"Sicap foire, Dakar, Sénégal",2 jours,Appartements,3,1,90 
650000,Location appartement - almadie ecole bilingue,"Almadies, Dakar, Sénégal",2 jours,Appartements,4,3,4
750000,Location appartements 5pièces - Ouest foire,"Ouest Foire, Dakar, Sénégal",2 jours,Appartements,5,4,175 
550000,Location studio - Mermoz pres ecobank,"Mermoz-Sacré Coeur, Dakar, Sénégal",2 jours,Appartements,2,1,2
700000,Location appartement 4 pièces - Pointe  E,"Point E, Dakar, Sénégal",2 jours,Appartements,5,4,5
1250000,Location appartement 4 pièces  - Almadie,"Almadies, Dakar, Sénégal",2 jours,Appartements,4,3,4
350000,Location chambre meublée - Avenue Lamine Gueye,"Dakar Plateau, Dakar, Sénégal",2 jours,Chambres,1,1,1
1700000,Terrain - Malicounda thakoum,"Malikounda, Sénégal",2 jours,Terrains,150 m2,150 m2,
700000,Location appartement 4 pièces  - Sicap karack,"Mermoz-Sacré Coeur, Dakar, Sénégal",2 jours,Appartements,4,3,200 m2
1350000,Location appartement 4 pièces standing - Fann-mermoz,"Mermoz-Sacré Coeur, Dakar, Sénégal",2 jours,Appartements,4,3,190 m2
800000,Location centre ville 3 pièces - hotel ville,"Dakar Plateau, Dakar, Sénégal",2 jours,Appartements,3,2,3
800000,Location villa 5 pièces  - VDN cite horizon,"Sipres, Dakar, Sénégal",2 jours,Villas,5,3,5
1000000,Location appartements 6 pièces - almadies,"Almadies, Dakar, Sénégal",2 jours,Appartements,6,4,250 
750000,Location  appartement 4 pièces - mermoz,"Mermoz-Sacré Coeur, Dakar, Sénégal",2 jours,Appartements,4,3,4
700000,Location appartement 5 pièces - Mermoz,"Mermoz-Sacré Coeur, Dakar, Sénégal",2 jours,Appartements,5,4,5
500000,Location appartement F4 cité Keur Gorgui,"Mermoz-Sacré Coeur, Dakar, Sénégal",2 jours,Appartements,4,3,4
2000000,Location appartement 4 pièces - Almadies,"Almadies, Dakar, Sénégal",2 jours,Appartements,,,
8500000,Terrain 150 m² - Keur Ndiaye Lo,"Rufisque, Sénégal",2 jours,Terrains,150 m2,150 m2,
550000,Location studio -  point e,"Point E, Dakar, Sénégal",2 jours,Appartements,2,1,2
52000000,Vente studio  - VDN cite cpi,"Sipres, Dakar, Sénégal",2 jours,Appartements,2,2,72 m2
550000,Location appartement 3 pièces - avenue Blaise diagne  route centre ville,"Medina, Dakar, Sénégal",2 jours,Appartements,3,2,3
400000,Location appartements 4pièces - Sicap foire,"Sicap foire, Dakar, Sénégal",2 jours,Appartements,4,1,100 
47000000,Vente moratoire studio -Virage,"Ngor, Dakar, Sénégal",2 jours,Appartements,2,1,66 m2
375000,Location appartement  F3 au  Mamelle,"Mamelles, Dakar, Sénégal",2 jours,Appartements,3,2,3
367000,Location appartement 3 pièces - sicap baobab,"Sicap Liberté, Dakar, Sénégal",2 jours,Appartements,3,2,3
300000000,vente villas 8 pièces - almadies,"Almadies, Dakar, Sénégal",2 jours,Villas,8,8,260 
400000000,Terrains 600m2  - Almadies,"Almadies, Dakar, Sénégal",2 jours,Terrains,600 ,600 ,
65000000,Vente studio -  pointe ,"Point E, Dakar, Sénégal",2 jours,Appartements,2,1,2
1200000,Location villa 8 pièces - Mariste-école japonaise,"Mariste, Dakar, Sénégal",2 jours,Villas,8,6,8
1300000,Location appartement 4 pièces  - Point E,"Point E, Dakar, Sénégal",2 jours,Appartements,,,
550000,Location  appartement F4 Sacre coeur,"Sacré-Coeur, Dakar, Sénégal",2 jours,Appartements,4,3,4
1000000,Location villa duplex 7pièces - Ouakam extension,"Ouakam, Dakar, Sénégal",2 jours,Appartements,7,6,200 
275000,Location appartements 3pièces - Sicap foire,"Sicap foire, Dakar, Sénégal",2 jours,Appartements,3,1,90 
650000,Location appartements 3pièces - Ouakam extension,"Ouakam, Dakar, Sénégal",2 jours,Appartements,3,2,100 
350000,Location appartements 4pièces - Ouakam,"Ouakam, Dakar, Sénégal",2 jours,Appartements,4,2,100 
1500000000,Terrain 1000m2 Dakar Almadies                                                  Offre Vente du terrain                                                                                   Super,"Dakar, Sénégal",2 jours,Terrains,1000 m2,1000 m2,
1300000,Location villas 5 pièces - Mamelles,"Mamelles, Dakar, Sénégal",2 jours,Villas,5,5,
350000,Local commercial de 70 m2 à louer - Sipres 2,"Sipres, Dakar, Sénégal",2 jours,Bureaux & Commerces,1,1,70 
400000,Location appartements 4 pièces - sipres 2,"Sipres, Dakar, Sénégal",2 jours,Appartements,4,1,100 
210000000,Vente villa -Ngaparou,"Ngaparou, Sénégal",2 jours,Villas,6,4,600 
550000,Location appartements 4 pièces - Mamelles,"Mamelles, Dakar, Sénégal",2 jours,Appartements,4,3,4
425000,Location appartement cité  CSE 2 voix  Liberté 6,"Sicap Liberté, Dakar, Sénégal",2 jours,Appartements,4,3,100 
350000,Location magasin très placé à Derklé ,"Dieuppeul-Derklé, Dakar, Sénégal",2 jours,Bureaux & Commerces,1,1,87 m2
275000,Location  appartement au Mamelle ,"Mamelles, Dakar, Sénégal",2 jours,Appartements,3,2,98 m2
400000,Location appartements 4 pièces - Ouakam,"Ouakam, Dakar, Sénégal",2 jours,Appartements,4,3,4
200000,Location appartement 3 pièces - Ouest Foire ,"Ouest Foire, Dakar, Sénégal",2 jours,Appartements,2,2,100 m2
180000,Location bureaux et commerces  - Dakar,"Dakar, Sénégal",2 jours,Bureaux & Commerces,1,1,1
350000,Location appartements 3 pièces - Mermoz-sacré coeur,"Mermoz-Sacré Coeur, Dakar, Sénégal",2 jours,Appartements,3,1,3
500000,Location appartements 4 pièces - Mamelles,"Mamelles, Dakar, Sénégal",2 jours,Appartements,4,4,
315000,Location appartements 3 pièces - Ouakam,"Ouakam, Dakar, Sénégal",2 jours,Appartements,3,2,3
14000000,Terrains 150m² à 262m²  à Keur Massar,"Keur Massar, Sénégal",2 jours,Terrains,150 ,150 ,
550000,Location appartements 3 pièces - Mamelles,"Mamelles, Dakar, Sénégal",2 jours,Appartements,3,2,3
15000,Location appartement   Dakar cité Biagui,"Dakar, Sénégal",2 jours,Appartements,1,1,75 m2
270000000,Vente villa  – Point E,"Dakar, Sénégal",2 jours,Villas,6,4,296 m2
250000,Location studio sur la corniche ouest des Mamelles,"Dakar, Sénégal",2 jours,Appartements,2,1,75 m2
275000,Location studio F2 haut standing à Fass ,Appartements,"Fass, Dakar, Sénégal","Fass, Dakar, Sénégal",2,1,2
375000,Location appartements 4 pièces - Mamelles,"Mamelles, Dakar, Sénégal",2 jours,Appartements,4,2,4
300000,Location appartements 3 pièces - Mariste,"Mariste, Dakar, Sénégal",2 jours,Appartements,3,1,150 
400000,Location appartements 3 pièces - Ouakam,"Ouakam, Dakar, Sénégal",2 jours,Appartements,3,150 ,3
Prixsurdemande,Location villa 10 pièces - Fann,"Fann, Dakar, Sénégal",2 jours,Villas,10,10,12 
10000000,Terrains 300m²  - Yenne kao,Terrains,"Toubab Dialao, Sénégal","Toubab Dialao, Sénégal",300 ,300 ,
Prixsurdemande,Location villa 6 pièces -  Fann,"Fann, Dakar, Sénégal",2 jours,Villas,6,5,12 
400000,Location appartements 4 pièces - Mamelles,"Mamelles, Dakar, Sénégal",2 jours,Appartements,4,3,4
1700000,Location R+1 Dakar Ouest Foire ,"Dakar, Sénégal",2 jours,Bureaux & Commerces,5,3,200 m2
50000,Location appartements meublés 3 pièces à Mamelles,"Mamelles, Dakar, Sénégal",2 jours,Appartements meublés,3,1,95 
300000,Location studio  à Ngor ,"Dakar, Sénégal",2 jours,Appartements,1,4,80 m2
800000,Location appartement 3 chambres salon Aux Almadies,"Dakar, Sénégal",2 jours,Appartements,3,2,150 m2
Prixsurdemande,Location appartements meublés 4 pièces - Dakar plateau,"Dakar Plateau, Dakar, Sénégal",2 jours,Appartements meublés,4,3,12 
350000,Location appartement 5 pièces - Ouakam Cité assemblée,Appartements,"Ouakam, Dakar, Sénégal","Ouakam, Dakar, Sénégal",5,1,200 
400000,Location appartements meublés 2 pièces - Damel,"Damel, Dakar, Sénégal",2 jours,Appartements meublés,2,2,150 
3500000,Location villas 10 pièces - Almadies,"Almadies, Dakar, Sénégal",2 jours,Villas,10,8,12 
1500000,Location show room  à Yoff /virage,"Yoff, Dakar, Sénégal",2 jours,Bureaux & Commerces,1,1,350 
2000000,Terrains Ndoukhoura wolof,Terrains,"Toubab Dialao, Sénégal","Toubab Dialao, Sénégal",150 ,150 ,
1300000,Location appartement F4 à Mermoz pyrotechnie,"Mermoz-Sacré Coeur, Dakar, Sénégal",2 jours,Appartements,4,3,4
1100000,Location appartements meublés 4 pièces à Grand Bassam,Appartements meublés,"Mermoz-Sacré Coeur, Dakar, Sénégal","Mermoz-Sacré Coeur, Dakar, Sénégal",4,1,110 
100000000,Terrain 200m² - Maristes 1 ,"Mariste, Dakar, Sénégal",2 jours,Terrains,200 m2,200 m2,
300000,Location appartements 3 pièces - Mermoz-sacré coeur,"Mermoz-Sacré Coeur, Dakar, Sénégal",2 jours,Appartements,3,1,3
12000000,Terrains 450m²  à Yenne Kao,"Toubab Dialao, Sénégal",2 jours,Terrains,450 ,450 ,
Prixsurdemande,Location villa 6 pièces - Yoff,"Yoff, Dakar, Sénégal",2 jours,Villas,6,6,12 
500000,Location appartement meublé 2 pièces - Mamelles,"Mamelles, Dakar, Sénégal",2 jours,Appartements meublés,2,2,2
1990000,Location  local commercial - Ngor/Almadies,"Almadies, Dakar, Sénégal",2 jours,Bureaux & Commerces,2,1,227 m2
2200000,Location villa 6 pièces - Fann,"Fann, Dakar, Sénégal",2 jours,Villas,6,6,12 
275000,Location appartement 4pièces - Parcelles assainies,"Parcelle Assainies, Dakar, Sénégal",2 jours,Appartements,4,2,130 m2
275000,Location appartements 3pièces -Parcelle Assainies,"Parcelle Assainies, Dakar, Sénégal",2 jours,Appartements,4,2,130 m2
150000000,Vente villa - Maristes 1,"Point E, Dakar, Sénégal",2 jours,Villas,4,2,220 m2
500000,Location appartement 4 pièces - Dakar Plateau,"Medina, Dakar, Sénégal",3 jours,Appartements,4,3,150 m2
45000000,Vente appartements 2pièces - Almadies,"Almadies, Dakar, Sénégal",3 jours,Appartements,2,1,43 
300000,Location magasin - Gueule Tapée,"Gueule Tapée, Dakar, Sénégal",3 jours,Bureaux & Commerces,3,1,100 m2
1500000,Location villa 7 pièces - Cité Batrain ,"Dakar, Sénégal",3 jours,Villas,7,4,200 m2
750000,Location appartements 4pièces - Yoff,"Yoff, Dakar, Sénégal",3 jours,Appartements,4,2,150 
518000,Location appartements 4 pièces - almadies,"Almadies, Dakar, Sénégal",3 jours,Appartements,4,3,150 
500000,Location appartement 3pièces - Almadies,"Almadies, Dakar, Sénégal",3 jours,Appartements,3,2,100 
25000000,Vente appartements 2 pièces - parcelle assainies,"Parcelle Assainies, Dakar, Sénégal",3 jours,Appartements,2,1,52 
145000000,Vente appartements 3pièces -Almadies,"Almadies, Dakar, Sénégal",3 jours,Appartements,3,3,185 
650000,Location appartements meublés 1 pièce - Dakar,"Dakar, Sénégal",3 jours,Appartements meublés,1,1,1
750000,Location appartements meublés 2 pièces - Dakar,"Dakar, Sénégal",3 jours,Appartements meublés,2,2,2
35000,Location appartements meublés 2pièces -Sicap foire,"Sicap foire, Dakar, Sénégal",3 jours,Appartements meublés,2,1,50 
100000,Location bureaux et commerces  - Sacré Cœur,"Sacré-Coeur, Dakar, Sénégal",3 jours,Bureaux & Commerces,1,1,1
800000,Location  appartement  à Fann-mermoz ,"Fann, Dakar, Sénégal",3 jours,Appartements,5,4,290 m2
62000000,Vente appartements - Ngor,"Ngor, Dakar, Sénégal",3 jours,Appartements,61 ,61 ,
25000,Location studio meublé  - Ngor Almadies,"Almadies, Dakar, Sénégal",3 jours,Appartements meublés,2,2,145 m2
70000000,Vente appartements 2 pièces à Yoff,"Yoff, Dakar, Sénégal",3 jours,Appartements,2,2,66 
700000,Location appartement - Almadies,"Almadies, Dakar, Sénégal",3 jours,Appartements,3,2,185 m2
90000000,Vente appartements 3 pièces à Yoff,"Yoff, Dakar, Sénégal",3 jours,Appartements,3,2,87 
650,Location appartement - Almadies,"Almadies, Dakar, Sénégal",3 jours,Appartements,4,3,200 m2
650000,Location appartements 4 pièces - Mermoz,"Mermoz-Sacré Coeur, Dakar, Sénégal",3 jours,Appartements,4,3,4
300000,Location appartements 3 pièces à Ngor,"Ngor, Dakar, Sénégal",3 jours,Appartements,3,2,100 
1500000,Location villa 4 pièces - Mermoz ,"Mermoz-Sacré Coeur, Dakar, Sénégal",3 jours,Villas,4,3,4
200000,Location appartements 2 pièces à Ngor,"Ngor, Dakar, Sénégal",3 jours,Appartements,2,1,70 
425000,Location  villa  f4  à Camberène 1,"Cambérène, Dakar, Sénégal",3 jours,Villas,4,3,160 m2
425000,Location appartement 5 pièces - Liberté 6 Extension ,"Dakar, Sénégal",3 jours,Appartements,5,3,5
700000,Location appartements 3 pièces - Mamelles ,"Mamelles, Dakar, Sénégal",3 jours,Appartements,3,4,145 
110000000,Vente villa 4 pièces - Saly,"Saly, Sénégal",3 jours,Villas,4,2,300 
900000,Location villas 6 pièces - mariste,"Mariste, Dakar, Sénégal",3 jours,Villas,6,6,200 
18000000,Vente villa 3 pièces - Rufisque,"Rufisque, Sénégal",3 jours,Villas,2,1,160 
800000,Location appartement 4 pièces - Point E ,"Point E, Dakar, Sénégal",3 jours,Appartements,4,2,123 m2
1500000,Location appartement 4 pièces - Point E,"Point E, Dakar, Sénégal",3 jours,Appartements,4,4,150 m2
1200000,Location villa 8 pièces - Mamelles,"Mamelles, Dakar, Sénégal",3 jours,Villas,6,6,200 
900000,Location  villa 6 pièces - Sipress Mermoz,Villas,"Point E, Dakar, Sénégal","Point E, Dakar, Sénégal",6,5,200 m2
345000000,Vente appartement 5pièces -King fahd - Almadies,"Almadies, Dakar, Sénégal",3 jours,Appartements,5,5,295 
40000000,Terrain -   Sedima zac mbao ,"Keur Massar, Sénégal",3 jours,Terrains,206 m2,206 m2,
90000000,Vente appartement RDC -Corniche de ouakam,"Ouakam, Dakar, Sénégal",3 jours,Appartements,3,3,150 m2
250000000,Vente immeuble -Médina,"Medina, Dakar, Sénégal",4 jours,Immeubles,160 m2,160 m2,
250000,Location appartements 3 pièces - Mamelles ,"Ouakam, Dakar, Sénégal",4 jours,Appartements,3,2,3
950000,Location villa 4 pièces - Saly,"Mariste, Dakar, Sénégal",4 jours,Villas,4,3,900 m2
5500000,Terrain 300 m² - Mbodiéne,"Mbour, Sénégal",4 jours,Terrains,300 ,300 ,
225000,Location appartement 3 pièces - Maristes,"Mariste, Dakar, Sénégal",4 jours,Appartements,3,2,100 m2
550000,Location appartement 4 pièces - Cité Mbakiyou Faye,"Mamelles, Dakar, Sénégal",4 jours,Appartements,4,4,160 m2
350000,Location appartement 3 pièces - Sacré Cœur,"Mermoz-Sacré Coeur, Dakar, Sénégal",4 jours,Appartements,3,3,150 m2
18000000,Vente villa 2 pièces - Rufisque,"Rufisque, Sénégal",4 jours,Villas,2,1,160 
150000,Location chambre meublée - Medina,"Medina, Dakar, Sénégal",4 jours,Chambres,1,1,1
180000,Location appartements 4 pièces - Rufisque,"Rufisque, Sénégal",4 jours,Appartements,3,1,150 
13000000,Terrain 150 m² - Ndiakhirate,"Rufisque, Sénégal",4 jours,Terrains,150 ,150 ,
32000000,Terrain 150m²  - Almadies 2,"Almadies 2, Dakar, Sénégal",4 jours,Terrains,150 ,150 ,
20000000,Terrain150m²  - Rufisque,"Rufisque, Sénégal",4 jours,Terrains,150 ,150 ,
Prixsurdemande,Terrain 2000 m² - Hann Bel-Air,"Hann Bel-Air, Dakar, Sénégal",4 jours,Terrains,2000 ,2000 ,
8000000,Terrain 300m²  - Malikounda,"Malikounda, Sénégal",4 jours,Terrains,300 ,300 ,
1350000,Location villa meublée  - Saly,"Rufisque, Sénégal",4 jours,Villas,6,3,500 m2
250000,Location  studio aux Almadies,"Almadies, Dakar, Sénégal",4 jours,Appartements,2,2,2
4000000,Location villa 09 pièces  à Mermoz ,"Mermoz-Sacré Coeur, Dakar, Sénégal",4 jours,Villas,9,7,780 m2
1500000,Location villa -  Yoof tongor,"Yoff, Dakar, Sénégal",4 jours,Villas,6,4,400 m2
200000,Location appartement 3 pièces - Petit Mbao ,"Diamniadio, Sénégal",4 jours,Appartements,2,2,2
450000,Location appartement à fenêtre Mermoz,"Mermoz-Sacré Coeur, Dakar, Sénégal",4 jours,Appartements,3,3,110 m2
1300000,Location appartements 4 pièces - Point E,"Point E, Dakar, Sénégal",4 jours,Appartements,4,3,4
30000,Location studio meublé à Yoff Omono,"Yoff, Dakar, Sénégal",4 jours,Appartements meublés,2,1,65 m2
400000,Location appartement pour bureau à Fann-mermoz,"Fann, Dakar, Sénégal",4 jours,Bureaux & Commerces,4,3,140 m2
400000,Location appartement à Fann-mermoz ,"Fann, Dakar, Sénégal",4 jours,Bureaux & Commerces,4,3,140 m2
1600000,Location villas à Almadies ,"Almadies, Dakar, Sénégal",4 jours,Villas,6,5,800 m2
250000,Studio à louer Sacré Cœur ,"Sacré-Coeur, Dakar, Sénégal",4 jours,Appartements,,,
250000,Appartement f4 à louer  Maristes ,"Mariste, Dakar, Sénégal",4 jours,Appartements,,,
100000,Chambre à louer Medina ,"Medina, Dakar, Sénégal",4 jours,Chambres,,,
75000000,Vente villa F5 à Thiès Fayu,"Thies, Sénégal",4 jours,Villas,5,2,500 m2
1500000,Location appartement 3pièces avec piscine -Mamelle,"Mamelles, Dakar, Sénégal",4 jours,Appartements,4,4,150 m2
250000,Location appartements 02pièces - Almadie,"Almadies, Dakar, Sénégal",4 jours,Appartements,2,2,60 
450000,Location appartement 3pièces -Mermoz,"Mermoz-Sacré Coeur, Dakar, Sénégal",4 jours,Appartements,3,3,110 m2
350000,Location magasin commercial -Derklé ,"Dieuppeul-Derklé, Dakar, Sénégal",4 jours,Bureaux & Commerces,1,1,95 m2
800000,Location appartement meublé -Point E,"Point E, Dakar, Sénégal",4 jours,Appartements meublés,3,3,80 m2
139000000,Vente villa 4 pièces - Saly,"Thies, Sénégal",4 jours,Villas,3,3,400 m2
80000000,Terrains -Dakar Yoff hangar pèlerins                  offre vente de lots de terrains;                                                                          lot n° 347,"Dakar, Sénégal",4 jours,Terrains,188 m2,188 m2,
1700000,Location appartement 4pièces -Mermoz,"Mermoz-Sacré Coeur, Dakar, Sénégal",4 jours,Appartements,4,4,171 m2
1200000,Location villa 6pièces -Corniche de ouakam,"Mamelles, Dakar, Sénégal",5 jours,Villas,6,5,380 m2
1000000,Location appartement 4pièces -  Almadies ,"Almadies, Dakar, Sénégal",5 jours,Appartements,4,5,145 m2
175000000,Vente immeubles R+2 - Guédiawaye,"Dakar, Sénégal",5 jours,Immeubles,,,
1000000,Location appartement 4pièces - Centre ville,"Dakar Plateau, Dakar, Sénégal",5 jours,Appartements,4,3,4
700000,Location appartement 3pièces -Centre ville,"Dakar Plateau, Dakar, Sénégal",5 jours,Appartements,3,2,3
300000,Location studio  F2 - Ouakam Batrain,"Ouakam, Dakar, Sénégal",5 jours,Appartements,2,2,2
43000000,Vente villa meublée 4 pièces - Campama Nguekhokh,"Saly, Sénégal",5 jours,Villas,3,3,320 m2
275000,Location appartements 3 pièces - Keur Massar,"Keur Massar, Sénégal",5 jours,Appartements,3,2,3
180000,Location appartements 3 pièces - Keur Massar,"Dakar, Sénégal",5 jours,Appartements,3,2,3
12500000,Terrain 150 m² - Diamniadio,"Diamniadio, Sénégal",5 jours,Terrains,150 ,150 ,
22000000,Terrain 200 m² - Keur Massar,"Keur Massar, Sénégal",5 jours,Terrains,200 ,200 ,
55000,Location appartement meublé 04 pièces - Liberté 6 extention,"Sicap Liberté, Dakar, Sénégal",5 jours,Appartements meublés,4,2,120 
1500000,Location appartement 4pièces -Mamelle,"Mamelles, Dakar, Sénégal",5 jours,Appartements,4,4,150 m2
350000,Location plateau de bureaux -Yoff-omono,"Yoff, Dakar, Sénégal",5 jours,Bureaux & Commerces,1,2,90 m2
4000000,Location villa 8pièces -Mermoz,"Mermoz-Sacré Coeur, Dakar, Sénégal",5 jours,Villas,9,7,780 m2
30000,Location studio meublé -Yoff-omono,"Yoff, Dakar, Sénégal",5 jours,Appartements meublés,2,1,45 m2
500000,Location appartements 4pièces - Virage,"Yoff, Dakar, Sénégal",5 jours,Appartements,4,3,140 
4000000,Location villa 8pièces -Mermoz,"Almadies, Dakar, Sénégal",5 jours,Villas,9,8,780 m2
249500000,Vente villa à Warang (mbour),Villas,"Mbour, Sénégal","Mbour, Sénégal",9,9,1600 m2
Prixsurdemande,Vente ferme agro-industrielle 117ha -Sindia,Fermes & Vergers,"Thies, Sénégal","Thies, Sénégal",1170000 m2,1170000 m2,
449500000,Vente villa -Ngerine,Villas,"Saly, Sénégal","Saly, Sénégal",4,4,690 m2
200000,Location studio - Mermoz ,"Mermoz-Sacré Coeur, Dakar, Sénégal",6 jours,Appartements,2,2,100 
800000,Location appartements 4pièces -Amitié,"Sicap Liberté, Dakar, Sénégal",6 jours,Appartements,4,3,100 
200000,Location bureaux et commerces  - Sicap Liberté,"Sicap Liberté, Dakar, Sénégal",6 jours,Bureaux & Commerces,2,2,150 
14000000,Vente villa 4 pièces - Saly,"Saly, Sénégal",6 jours,Villas,3,3,400 m2
150000000,Vente villa 4 pièces - Saly,"Saly, Sénégal",6 jours,Villas,3,3,600 m2
700000,Location appartements 4 pièces - Mermoz-sacré coeur,"Mermoz-Sacré Coeur, Dakar, Sénégal",6 jours,Appartements,4,3,120 
500000,Location appartements 4 pièces - Mamelles,"Mamelles, Dakar, Sénégal",6 jours,Appartements,4,2,120 
40000,Location appartements meublés 3 pièces - Ouest foire,"Ouest Foire, Dakar, Sénégal",6 jours,Appartements meublés,3,1,90 
2500000,Location  appartement aux Almadies,"Almadies, Dakar, Sénégal",6 jours,Appartements,5,4,406 m2
28000000,Terrain 230 m² - Tivaouane Peulh,"Dakar, Sénégal",6 jours,Terrains,230 m2,230 m2,
450000,Location appartement  à Mermoz,"Mermoz-Sacré Coeur, Dakar, Sénégal",6 jours,Appartements,3,3,100 m2
185000,Location appartement - Mamelles,"Mamelles, Dakar, Sénégal",6 jours,Appartements,,,
800000,Location appartement  à Mermoz,"Mermoz-Sacré Coeur, Dakar, Sénégal",6 jours,Appartements,4,3,140 m2
25000,Location appartement meublé -  Liberté 6,"Sicap Liberté, Dakar, Sénégal",6 jours,Appartements meublés,2,1,90 m2
250000,Location appartement 3 pièces - mariste,"Mariste, Dakar, Sénégal",6 jours,Appartements,3,2,1 
200000,Location studio -  Ngor almadies,"Almadies, Dakar, Sénégal",6 jours,Appartements,2,1,60 m2
1200000,Location villa 6pièces -Ouakam corniche,"Ouakam, Dakar, Sénégal",6 jours,Villas,6,5,380 m2
450000,Location appartements 4pièces -Mamelle,"Dakar, Sénégal",6 jours,Appartements,4,2,150 m2
400000,Location appartement -Fann-mermoz,"Fann, Dakar, Sénégal",6 jours,Appartements,4,140 m2,4
1500000,Location appartements meublés 4pièces -Almadies,"Almadies, Dakar, Sénégal",6 jours,Appartements meublés,4,4,135 
80000,Location appartements 2 pièces - Laliberté 6 extension,"Sicap Liberté, Dakar, Sénégal",7 jours,Appartements,1,1,
500000000,Vente villa 6pièces -Liberté 6,"Sicap Liberté, Dakar, Sénégal",7 jours,Villas,7,5,300 m2
800000,Location appartements 4 pièces - Mermoz,"Mermoz-Sacré Coeur, Dakar, Sénégal",7 jours,Appartements,3,4,150 
500000,Location appartements - Hann Bel-Air,Appartements,"Hann Bel-Air, Dakar, Sénégal","Hann Bel-Air, Dakar, Sénégal",107 ,107 ,
225000000,Vente immeuble r+4 à Zone ,"Grand Yoff, Dakar, Sénégal",7 jours,Immeubles,190 m2,190 m2,
Prixsurdemande,Location villas 6 pièces - Fann,"Fann, Dakar, Sénégal",7 jours,Villas,6,4,12 
225000,Location appartements 4 pièces - Parcelle Assainies,"Parcelle Assainies, Dakar, Sénégal",7 jours,Appartements,4,2,80 
25000,Location appartements 2 pièces - Point E,"Point E, Dakar, Sénégal",7 jours,Appartements,2,1,2
150000,Location mini studio -Fass ,"Fass, Dakar, Sénégal",7 jours,Appartements,1,1,1
170000,Location appartement 3pièces -Keur massar,"Keur Massar, Sénégal",7 jours,Appartements,3,2,3
350000,Location appartement 3pièces-Médina Blaise Diagne ,"Medina, Dakar, Sénégal",7 jours,Appartements,3,2,3
180000,Location mini studio -Fass,"Medina, Dakar, Sénégal",7 jours,Appartements,1,1,1
300000,Location studio -Dakar plateau,"Dakar Plateau, Dakar, Sénégal",7 jours,Appartements,2,2,2
95000,Location  appartement  - Bargny,"Rufisque, Sénégal",7 jours,Appartements,2,1,35 m2
125000000,Vente villa 08 pièces - Petit-mbao,"Mbao, Dakar, Sénégal",7 jours,Villas,8,6,380 
225000000,Vente  immeuble à la Zone de captage,"Grand Yoff, Dakar, Sénégal",7 jours,Immeubles,190 m2,190 m2,
1800000,Location  appartement meublé à Ouakam,"Ouakam, Dakar, Sénégal",7 jours,Appartements meublés,4,4,130 m2
800000,Location appartement 5pièces-Fann-Mermoz,"Fann, Dakar, Sénégal",8 jours,Appartements,5,4,240 m2
2500000,Location appartement 5pièces - Almadies,"Almadies, Dakar, Sénégal",8 jours,Appartements,5,5,5
2500000,Location appartement 5pièces -Almadies,"Almadies, Dakar, Sénégal",8 jours,Appartements,5,5,304 m2
225000,Location appartements 02pièces -Ouest foire,"Ouest Foire, Dakar, Sénégal",8 jours,Appartements,2,2,65 
Prixsurdemande,Appartement à vendre  ,Appartements,"Point E, Dakar, Sénégal","Point E, Dakar, Sénégal",,,
Prixsurdemande,Vente immeubles R+2 -  Dakar Plateau,"Dakar Plateau, Dakar, Sénégal",8 jours,Immeubles,15 ,15 ,
12000000,Terrain 150 m² - Leona,"Dakar Plateau, Dakar, Sénégal",8 jours,Terrains,15 ,15 ,
500000000,Vente villa R+1 à Liberté 6,"Sicap foire, Dakar, Sénégal",8 jours,Villas,7,5,300 m2
900000,Location appartement meublé 3 pièces - Point E,"Point E, Dakar, Sénégal",8 jours,Appartements meublés,3,2,3
420000000,Vente villas 5 pièces - Mamelles,"Mamelles, Dakar, Sénégal",8 jours,Villas,5,6,351 
12500000,Terrains  - Diamniadio,"Diamniadio, Sénégal",8 jours,Terrains,150 ,150 ,
100000,Location mini studio - Ouest Foire,"Ouest Foire, Dakar, Sénégal",8 jours,Appartements,2,2,2 m2
400000,Location appartement 2 chambre salon -  Cite Xandar,"Ouest Foire, Dakar, Sénégal",8 jours,Appartements,3,3,1 m2
175000,Location appartement -Keur massar unité 13 ,"Dakar, Sénégal",9 jours,Appartements,3,2,100 m2
15000,Location appartement 4pièces -Keur massar unité  13,"Dakar, Sénégal",9 jours,Appartements,3,2,100 m2
350000,Location appartement 3 pièces - Sacré Cœur,"Mermoz-Sacré Coeur, Dakar, Sénégal",9 jours,Appartements,3,2,3
700000,Location appartement 4 pièces - Almadies ,"Almadies, Dakar, Sénégal",9 jours,Appartements,4,4,150 
250000000,Vente immeubles R+3 - Mariste,"Mariste, Dakar, Sénégal",9 jours,Immeubles,,,
2000000,Terrains - Bambilor,"Dakar, Sénégal",9 jours,Terrains,150 m2,150 m2,
40000000,Vente villa 6 pièces - Lac Rose,"Lac rose, Sénégal",9 jours,Villas,6,4,225 
77500000,Vente immeubles R+2 - Démolir,"Grand Yoff, Dakar, Sénégal",9 jours,Immeubles,200 m2,200 m2,
17000000,Terrain 150 m² - Rufisque,"Rufisque, Sénégal",9 jours,Terrains,150 ,150 ,
6000000,Terrain 150 m² - Diamniadio,"Diamniadio, Sénégal",9 jours,Terrains,150 ,150 ,
30000,Location appartement meublé -Liberté 06,"Sicap Liberté, Dakar, Sénégal",9 jours,Appartements meublés,,,
90000000,Vente apparement 3pièces  -Ouakam Vers la corniche,"Ouakam, Dakar, Sénégal",9 jours,Appartements,3,3,150 m2
2500000,Location appartement meublé -Virage,"Yoff, Dakar, Sénégal",9 jours,Appartements meublés,4,5,210 m2
2500000,Location appartement 5pièces -Almadies,"Almadies, Dakar, Sénégal",9 jours,Appartements,5,4,430 m2
250000,Location appartement 3pièces -Mamelle,"Mamelles, Dakar, Sénégal",9 jours,Appartements,3,2,110 m2
28000000,Vente villa 5 pièces - Pikine,"Dakar, Sénégal",10 jours,Villas,7,1,150 m2
14500,Vente villa 2pièces -Ouest foire,"Ouest Foire, Dakar, Sénégal",10 jours,Villas,2,1,210 
1200000,Location villa 7pièces -Ouakam ,"Ouakam, Dakar, Sénégal",10 jours,Villas,6,5,380 m2
1500000,Location appartement chambre salon -Fann-Mermoz,"Fann, Dakar, Sénégal",10 jours,Appartements,3,3,160 m2
19000000,Terrain 818 m² - Fatick,"Fatick, Sénégal",10 jours,Terrains,818 ,818 ,
350000,Location appartement à Mermoz ,"Mermoz-Sacré Coeur, Dakar, Sénégal",10 jours,Appartements,4,2,130 m2
100000,Location villa meublée 5 pièces - Ngaparou,"Ngaparou, Sénégal",10 jours,Villas,5,5,5
110000,Location mini studio - Zone de Captage,"Dieuppeul-Derklé, Dakar, Sénégal",10 jours,Appartements,1,1,1
85000,Location chambre - Ouakam Comico,"Ouakam, Dakar, Sénégal",10 jours,Chambres,1,1,1
130000,Terrains  - Colobane,"Colobane, Dakar, Sénégal",10 jours,Terrains,,,
26000000,Terrains agricoles 3 ha - Noto Gouye Diama,"Thies, Sénégal",10 jours,Terrains agricoles,30000 ,30000 ,
300000,Location appartement 4 pièces - Senegindia,"Almadies 2, Dakar, Sénégal",10 jours,Appartements,4,4,
15000,Location chambres meublées - Ouest foire,Chambres,"Ouest Foire, Dakar, Sénégal","Ouest Foire, Dakar, Sénégal",3,3,3
70000,Location chambre 1 pièces - Ouest Foire,"Ouest Foire, Dakar, Sénégal",10 jours,Chambres,1,1,1
65000000,Vente villa 2 pièces - Fatick,"Fatick, Sénégal",10 jours,Villas,2,2,56 
11000000,Terrain 150m² - Tivaouane Peulh,"Dakar, Sénégal",10 jours,Terrains,150 m2,150 m2,
35000,Location appartements meublés 3pièces -Dakar,"Dakar, Sénégal",10 jours,Appartements meublés,3,1,70 
1800000,Location appartement meublé 4pièces -Côté du lycée français,"Ouakam, Dakar, Sénégal",10 jours,Appartements meublés,4,4,140 m2
2500000,Location appartement -Almadies,"Almadies, Dakar, Sénégal",10 jours,Appartements,5,5,5
2800000,Location bureaux et commerces 230  - Mermoz-sacré coeur,"Mermoz-Sacré Coeur, Dakar, Sénégal",10 jours,Bureaux & Commerces,2,2,230 
2500000,Location appartement 5pièces -Almadies,"Almadies, Dakar, Sénégal",11 jours,Appartements,5,4,430 m2
225000000,Vente immeuble R+4-Zone de captage ,"Grand Yoff, Dakar, Sénégal",11 jours,Immeubles,190 m2,190 m2,
400000,Location appartement -Fann-Mermoz,"Fann, Dakar, Sénégal",11 jours,Appartements,4,3,130 m2
130000000,Vente villa - HLM2,"Dakar, Sénégal",11 jours,Villas,7,2,300 m2
130000000,Vente villa - HLM2,"HLM, Dakar, Sénégal",11 jours,Villas,7,2,300 m2
400000,Location appartement 4pièces -Fann-mermoz ,"Sicap Liberté, Dakar, Sénégal",11 jours,Appartements,4,3,130 m2
35000,Location appartements meublés 2pièces - Sicap foire,"Sicap foire, Dakar, Sénégal",11 jours,Appartements meublés,2,1,80 
60000,Location appartements 4pièces -Mermoz-batrain,"Mermoz-Sacré Coeur, Dakar, Sénégal",11 jours,Appartements meublés,4,1,120 
70000,Location appartements meublé 3pièces -Point E,"Point E, Dakar, Sénégal",11 jours,Appartements meublés,3,2,130 
1800000,Location villa duplex R+1 - almadies,"Almadies, Dakar, Sénégal",11 jours,Villas,,,
65000000,Vente appartement meublé - Ouakam,"Ouakam, Dakar, Sénégal",11 jours,Appartements meublés,4,2,100 
Prixsurdemande,Terrain - Nguekhokh,"Thies, Sénégal",11 jours,Terrains,225 m2,225 m2,
8000000,Terrain 200 m² - Niaga,"Niaga, Sénégal",11 jours,Terrains,200 ,200 ,
8000000,Terrain 2000 m² - Niague,"Rufisque, Sénégal",11 jours,Terrains,200 ,200 ,
250000,Location appartement meublé 2 pièces - Sicap Liberté,"Sicap Liberté, Dakar, Sénégal",11 jours,Appartements meublés,2,2,70 
200000000,Terrains 253m²  - Sacré-coeur3,"Sacré-Coeur, Dakar, Sénégal",11 jours,Terrains,253 ,253 ,
150000000,Terrains 200m²  - Mamelles,"Mamelles, Dakar, Sénégal",11 jours,Terrains,200 ,200 ,
1250000,Terrains 555m²  - Almadies,"Almadies, Dakar, Sénégal",11 jours,Terrains,555 ,555 ,
17500,Location studio meublé -  Sénégal ,"Keur Massar, Sénégal",11 jours,Appartements meublés,2,1,35 m2
35000,Location appartement meublé 02 pièces - Liberté 6 extention,"Sicap Liberté, Dakar, Sénégal",11 jours,Appartements meublés,2,2,110 
15000,Location chambre meublée - Mamelles,"Mamelles, Dakar, Sénégal",11 jours,Chambres,1,1,95 m2
1000000,Location appartements 4 pièces - Mermoz Sacré Cœur,"Mermoz-Sacré Coeur, Dakar, Sénégal",12 jours,Appartements,4,4,150 
1000000,Location villa 6 pièces - Mermoz Sacré Cœur,"Mermoz-Sacré Coeur, Dakar, Sénégal",12 jours,Villas,8,5,150 
220000,Location appartement 3pièces - Gnaary tally,"Dakar, Sénégal",12 jours,Appartements,3,2,3
12000000,Terrain 238 m² - Louga,"Louga, Sénégal",12 jours,Terrains,238 ,238 ,
300000,Location studio -Dakar plateau ,"Dakar Plateau, Dakar, Sénégal",12 jours,Appartements,2,2,2
35000000,Vente fond de commerces - Pointe des Almadies,"Almadies, Dakar, Sénégal",12 jours,Bureaux & Commerces,2,70 m2,2
2500000,Location appartements -Almadies,"Almadies, Dakar, Sénégal",12 jours,Appartements,5,4,430 m2
400000,Location appartements 04pièces -Fann-mermoz,"Fann, Dakar, Sénégal",12 jours,Appartements,4,3,130 
70000,Location villa 3 pièces - Ngaparou,"Ngaparou, Sénégal",12 jours,Villas,3,2,400 
125000,Location chambre  salle de bain à Zone A,"Sicap Liberté, Dakar, Sénégal",12 jours,Chambres,1,1,45 m2
250000,Location studio -Amadies,"Almadies, Dakar, Sénégal",12 jours,Appartements,2,2,66 m2
500000,Location appartement meublé -Ouakam ,"Ouakam, Dakar, Sénégal",12 jours,Appartements meublés,2,1,65 m2
500000,Vente villa 5 pièces - Zac Mbao,"Mbao, Dakar, Sénégal",12 jours,Villas,8,6,150 m2
165000,Location chambre meublée - Mermoz,"Mermoz-Sacré Coeur, Dakar, Sénégal",12 jours,Chambres,1,1,1
285000000,Vente villa 10 pièces - Cité Sonatel 2 ,"Parcelle Assainies, Dakar, Sénégal",12 jours,Villas,8,4,166 m2
45000000,Vente villa - Campama Guekhokh,"Saly, Sénégal",12 jours,Villas,3,3,320 m2
139000000,Vente villa - Saly,"Saly, Sénégal",12 jours,Villas,4,3,400 m2
110000000,Vente villa 6 pièces - Sicap,"Mermoz-Sacré Coeur, Dakar, Sénégal",12 jours,Villas,5,3,108 m2
700000,Location villa 7 pièces - Sacré Cœur,"Mermoz-Sacré Coeur, Dakar, Sénégal",12 jours,Villas,5,4,180 m2
200000,Location bureaux et commerces  - Pikine,"Pikine, Sénégal",12 jours,Bureaux & Commerces,2,1,2
500000,Location appartements 4 pièces - Cité Mourtada VDN,"Ouest Foire, Dakar, Sénégal",12 jours,Appartements,4,3,4
4000000,Terrain 150 m² - Gorom 2,"Rufisque, Sénégal",12 jours,Terrains,150 m2,150 m2,
400000,Location appartements - Zone De Captage,"Grand Yoff, Dakar, Sénégal",12 jours,Appartements,3,2,120 
260000,Location appartement 3 pièces - Ngor,"Ngor, Dakar, Sénégal",12 jours,Appartements,3,2,150 
Prixsurdemande,Terrain 300 m² - Mariste,"Mariste, Dakar, Sénégal",12 jours,Terrains,1,300 ,1
60000000,Vente villa 1 pièces - Saint louis,"Saint Louis, Sénégal",12 jours,Villas,1,1,285 
55000,Location chambre 1 pièces - Mariste,"Mariste, Dakar, Sénégal",12 jours,Chambres,1,1,
750000000,Vente villa  -  Fann hock,"Dakar, Sénégal",12 jours,Villas,6,4,300 m2
19000000,Vente maison  - Nguekhokh,"Thies, Sénégal",12 jours,Villas,6,4,450 m2
26000000,Vente villa 4 pièces - Cité Socabec ,"Dakar, Sénégal",13 jours,Villas,4,150 m2,4
300000,Location appartements 3pièces - Cité biagui,"Yoff, Dakar, Sénégal",13 jours,Appartements,3,2,130 
27000000,Vente villa 3 pièces - Saint Louis,"Saint Louis, Sénégal",13 jours,Villas,3,2,300 
80000000,Vente villa - Keur Massar,"Almadies 2, Dakar, Sénégal",13 jours,Villas,8,4,160 m2
275000,Location appartement 3pièces -Fass ,"Dakar, Sénégal",13 jours,Appartements,2,1,100 m2
750000000,Terrain 1000m2-Almadie,"Dakar, Sénégal",13 jours,Terrains,1000 m2,1000 m2,
